1,1,h,1,1-4=Q F; Rest Elim,Official,1,TIMB 1,7:44.14,2,FRAN 1,7:48.92,3,WLCO 1,7:50.09,5,PARN 1,7:55.84,6,TAUH 1,8:02.93,7,TRGB 1,8:39.27
2,1,h,2,1-4=Q F; Rest Elim,Official,1,WNHS 1,7:51.88,2,PUKE 1,7:53.51,3,CASH 1,7:56.30,4,HAMB 1,8:02.38,5,TAUP 2,8:05.32,6,OTUM 1,8:18.54,7,AQUI 2,8:20.80,8,CAMB 1,8:34.01
3,1,h,3,1-4=Q F; Rest Elim,Official,1,MTAL 1,7:31.22,2,BURN 1,7:53.60,3,STKT 1,7:59.67,4,FRAN 2,8:02.96,5,HLCR 1,8:03.04,6,SPLH 1,8:13.31,7,STBD 1,8:13.59,8,WNCS 1,8:53.82
4,1,h,4,1-4=Q F; Rest Elim,Official,1,HAUR 1,7:45.64,2,WENT 1,7:50.29,3,JMCG 1,7:51.99,4,SHIR 2,7:52.51,5,NELB 1,7:53.50,6,CHCO 1,8:27.48,7,MTAS 1,8:38.36,8,ROTL 1,8:48.48
5,1,h,5,1-4=Q F; Rest Elim,Official,1,NAPB 1,7:52.33,2,SHIR 1,7:57.66,3,STCC 1,8:00.53,4,BTHC 1,8:04.15,5,WTKB 1,8:05.94,6,GBHS 2,8:23.73,7,AQUI 1,8:32.23,8,MACL 1,8:41.00
6,1,h,6,1-4=Q F; Rest Elim,Official,1,NPLB 1,7:54.87,2,STLN 1,7:59.31,3,TAUP 3,8:00.28,4,WAKA 2,8:13.21,5,KHSD 1,8:16.75,6,ONSL 2,8:19.76,7,GBHS 1,8:26.93,8,STPA 1,8:28.84
7,1,h,7,1-4=Q F; Rest Elim,Official,1,SPTW 1,7:54.94,2,ASHB 1,8:05.77,3,ONSL 1,8:07.22,4,WLCO 2,8:08.71,5,WAKA 1,8:08.84,6,MLBB 1,8:13.82,7,TEAW 1,8:15.56
8,2,h,1,1=FA; 2-5=R,Official,1,DIOC 2,7:33.89,2,BARA 1,7:35.79,3,WKDS 2,7:36.33,4,RRGS 2,7:44.42,5,STMG 2,7:47.07,6,HAMG 1,7:48.19,7,WTLG 1,7:54.52,8,CAMB 1,8:08.26
8,2,h,1,"1->A Final; 2,3,4,5->Repechage",Official,1,RRGS 1,7:33.73,2,STMG 1,7:34.94,3,STKT 1,7:39.39,4,WLGC 1,7:40.38,5,CASH 1,7:43.49,6,DIOC 1,7:47.18,7,STAN 1,7:52.02,8,BARA 2,7:59.06
8,2,h,1,1=FA; 2-5=R,Official,1,ASHB 1,7:39.19,2,DIOC 2,7:42.59,3,WKDS 2,7:45.26,4,WLGC 1,7:45.47,5,CASH 1,7:46.38,6,EGGS 1,7:48.12,7,MLBG 1,8:03.54
9,2,h,2,1=FA; 2-5=R,Official,1,WKDS 1,7:31.09,2,STMG 1,7:42.99,3,DIOC 1,7:47.01,4,BARA 1,7:50.67,5,WTLG 1,8:01.97,6,AVSG 2,8:25.59
10,2,h,3,1=FA; 2-5=R,Official,1,CGHS 1,7:40.85,2,RRGS 2,7:44.64,3,HAMG 1,7:53.49,4,STAN 1,7:56.61,5,BARA 2,7:59.61,6,PUKE 1,8:03.40
11,2,h,4,1=FA; 2-5=R,Official,1,WNCS 1,7:30.75,2,RRGS 1,7:42.13,3,STKT 1,7:47.22,4,STMG 2,7:55.00,5,CAMB 1,8:09.95,6,QMAR 1,8:28.17
12,3,h,1,1=FA; 2-5=R,Official,1,TRGB 1,7:25.97,2,HAUR 1,7:33.34,3,TIMB 1,7:37.57,4,GARI 1,7:40.28,5,WNHS 1,7:42.05,6,TAKA 1,7:42.86,7,WTKB 1,7:44.47,8,KGCA 1,7:50.47
12,3,h,1,"1->A Final; 2,3,4,5->Repechage",Official,1,WNCS 1,7:30.58,2,ONSL 1,7:33.70,3,GLDW 1,7:38.47,4,MTAS 1,7:41.84,5,HLMT 1,7:45.76,6,DUNS 1,7:46.78,7,SPTW 1,8:00.85,8,SLDB 1,8:02.68
12,3,h,1,1=FA; 2-5=R,Official,1,BURN 1,7:24.17,2,TRGB 1,7:34.21,3,GARI 1,7:46.28,4,MTAS 1,7:54.41,5,SPTW 1,8:05.04,6,HAUR 2,8:05.95,7,SCOT 1,8:30.02,8,KHSD 1,9:50.03
13,3,h,2,1=FA; 2-5=R,Official,1,SPLH 1,7:24.53,2,WNCS 1,7:38.68,3,GLDW 1,7:40.22,4,TIMB 1,7:45.46,5,WTKB 1,7:58.76,6,RONC 1,8:11.82,7,CASH 1,8:18.15,8,ASHB 1,9:01.81
14,3,h,3,1=FA; 2-5=R,Official,1,HAMB 1,7:24.02,2,HAUR 1,7:35.98,3,WNHS 1,7:49.14,4,DUNS 1,7:52.54,5,SLDB 1,7:54.80,6,HUAN 1,8:00.45,7,BTHC 1,8:16.36,8,WAKA 1,8:46.25
15,3,h,4,1=FA; 2-5=R,Official,1,JMCG 1,7:32.33,2,ONSL 1,7:38.56,3,HLMT 1,7:44.54,4,TAKA 1,7:51.87,5,KGCA 1,7:53.41,6,HOWI 1,7:53.78,7,DARF 1,8:21.36,8,CHCO 1,8:35.18
16,4,h,1,"1,2=S; 3-5=R",Official,1,STPC 2,7:54.54,2,IONA 1,8:00.53,3,VILL 1,8:01.11,4,WAKA 3,8:02.37,5,STKT 1,8:05.39,6,TRGG 1,8:09.85,7,TAKA 2,8:11.61,8,COLU 1,8:28.66
16,4,h,1,"1,2->Semi-Final; 3,4,5->Repechage",Official,1,WNHS 1,7:50.18,2,STMW 1,7:59.91,3,WTKG 1,8:00.55,4,GERA 1,8:01.98,5,GLDW 1,8:02.12,6,QHSD 1,8:09.36,7,MTAL 1,8:17.56
16,4,h,1,"1,2=S; 3-5=R",Official,1,HAMG 1,7:42.93,2,CRAI 1,7:46.03,3,VILL 1,8:02.47,4,STMW 1,8:04.27,5,MTAL 1,8:08.36,6,ASHB 1,8:20.67,7,OGHS 1,8:26.64,8,STMG 1,9:06.74
17,4,h,2,"1,2=S; 3-5=R",Official,1,DIOC 1,7:50.79,2,WAKA 1,7:53.54,3,GERA 1,8:03.72,4,STKT 1,8:06.52,5,TAKA 2,8:14.72,6,MARN 1,8:20.46,7,STHI 2,8:21.53,8,STKT 2,8:39.20
18,4,h,3,"1,2=S; 3-5=R",Official,1,STPC 1,7:48.45,2,WHGG 1,8:02.67,3,IONA 1,8:04.44,4,WTKG 1,8:05.69,5,WAKA 3,8:07.12,6,SAMU 1,8:19.45,7,CRAI 2,8:26.52,8,BURN 1,9:08.61
19,4,h,4,"1,2=S; 3-5=R",Official,1,KGCA 1,7:49.83,2,WAKA 2,7:51.99,3,WNHS 1,7:53.78,4,STPC 2,8:03.00,5,GLDW 1,8:16.14,6,CASH 1,8:20.31,7,JHAR 2,8:31.81,8,BTHC 1,8:34.58
20,4,h,5,"1,2=S; 3-5=R",Official,1,STHI 1,8:00.78,2,TAKA 1,8:03.74,3,TRGG 1,8:07.26,4,QHSD 1,8:07.27,5,COLU 1,8:22.55,6,JHAR 1,8:26.45,7,TIMG 1,8:33.57
21,5,h,1,1=S; Rest=R,Official,1,CHCO 1,7:22.29,2,WLCO 1,7:25.56,3,MTAL 1,7:31.04,4,JPCR 1,7:34.73,5,CBHS 2,7:45.32,6,AGSB 3,7:47.33,7,NELB 1,8:11.27
21,5,h,1,1=S; Rest=R,Official,1,SJHM 1,7:20.62,2,SJHM 2,7:26.38,3,STCC 1,7:30.24,4,AOTE 1,7:32.75,5,NGAR 1,7:34.21,6,GBHS 1,7:39.28,7,WAKA 1,7:54.80
21,5,h,1,1->Semi-Final; Rest->Repechage,Official,1,WTKB 1,7:27.94,2,SHIR 1,7:29.42,3,STAN 1,7:29.60,4,HASB 1,7:29.82,5,CBHS 1,7:31.67,6,CHCO 2,7:32.17
21,5,h,1,1=S; Rest=R,Official,1,WTLB 1,7:12.49,2,WLCO 1,7:25.99,3,SJHM 2,7:28.53,4,HASB 1,7:38.66,5,JPCR 1,7:38.83,6,WAKA 1,7:57.29,7,STAN 1,7:59.87
22,5,h,2,1=S; Rest=R,Official,1,AGSB 2,7:13.07,2,CHCO 1,7:15.40,3,CBHS 1,7:39.62,4,GBHS 1,7:44.19,5,NELB 1,7:48.27,6,SHIR 1,7:56.20
23,5,h,3,1=S; Rest=R,Official,1,KGCA 1,7:09.57,2,STCC 1,7:31.20,3,CBHS 2,7:41.07,4,CHCO 2,7:41.63,5,NGAR 1,7:43.01,6,AGSB 3,7:51.66
24,5,h,4,1=S; Rest=R,Official,1,AGSB 1,7:11.19,2,HAMB 1,7:14.44,3,SJHM 1,7:23.24,4,MTAL 1,7:33.55,5,WTKB 1,7:40.64,6,AOTE 1,7:50.30
25,6,h,1,1-4=Q; Last Elim; Rest=R,Official,1,KGCA 1,8:08.99,2,STPC 1,8:15.65,3,EGGS 1,8:25.86,4,VILL 2,8:26.90,5,SAMU 1,8:43.86,6,STHI 1,8:46.35
25,6,h,1,1-4->Quarter; Last Eliminated; Rest->Reps,Official,1,GLDW 1,8:11.65,2,WTKG 1,8:19.01,3,HOWI 1,8:20.02,4,GLDW 2,8:23.35,5,SCOT 1,8:24.35,6,WLGC 1,8:42.52
25,6,h,1,1-4=Q; Last Elim; Rest=R,Official,1,STCU 1,7:53.69,2,CRAI 1,8:02.76,3,IONA 1,8:07.57,4,WLGC 2,8:09.11,5,STPC 1,8:09.36,6,WTKG 1,8:17.12,7,GGHS 1,8:21.01
26,6,h,2,1-4=Q; Last Elim; Rest=R,Official,1,SPLH 1,7:58.00,2,OGHS 1,8:00.80,3,SHGN 1,8:04.34,4,STCA 1,8:13.45,5,GLDW 2,8:21.42,6,EGGS 1,8:29.68,7,NCOG 1,8:45.25
27,6,h,3,1-4=Q; Last Elim; Rest=R,Official,1,QMAR 1,7:50.31,2,DIOC 1,7:58.12,3,WAKA 1,8:01.25,4,COLU 1,8:05.61,5,KGCA 1,8:10.76,6,WLGC 1,8:35.07,7,HUAN 1,8:41.61
28,6,h,4,1-4=Q; Last Elim; Rest=R,Official,1,VILL 1,7:58.39,2,STKT 1,7:59.56,3,DUNS 1,7:59.61,4,JHAR 1,8:01.34,5,GLDW 1,8:11.38,6,STHI 1,8:59.20,7,ROTL 1,9:48.04
29,6,h,5,1-4=Q; Last Elim; Rest=R,Official,1,WEGC 1,7:48.41,2,HLCR 1,8:04.18,3,WHGG 1,8:12.92,4,STLN 1,8:16.77,5,VILL 2,8:20.57,6,SCOT 1,8:27.53,7,BURN 1,8:39.59
30,6,h,6,1-4=Q; Last Elim; Rest=R,Official,1,CASH 1,7:50.23,2,HAUR 1,7:55.08,3,HLMT 1,7:58.60,4,MTAL 1,8:11.57,5,HOWI 1,8:11.64,6,SAMU 1,8:30.75,7,SHGH 1,8:34.56
31,7,h,1,1=FA; 2-5=R,Official,1,KGCA 1,6:54.98,2,STPA 1,6:56.41,3,SHIR 1,6:56.76,4,STKT 1,7:02.80,5,STAN 1,7:03.25,6,STKT 2,7:08.12,7,RAHS 1,7:11.43,8,AGSB 1,7:17.65
31,7,h,1,"1->A Final; 2,3,4,5->Repechage",Official,1,WAKA 2,6:55.60,2,WLCO 1,6:55.96,3,MTAL 1,7:00.31,4,STBD 1,7:01.50,5,SPLH 1,7:04.96,6,HAMB 1,7:09.29,7,STBD 2,7:12.56,8,STPC 1,7:20.65
31,7,h,1,1=FA; 2-5=R,Official,1,WAKA 1,6:45.22,2,KGCA 1,6:50.47,3,SHIR 1,6:54.25,4,HAMB 1,6:59.78,5,STBD 1,7:03.10,6,BURN 1,7:06.80,7,TRGB 1,7:24.63
32,7,h,2,1=FA; 2-5=R,Official,1,CASH 1,6:49.08,2,WLCO 1,6:53.00,3,WAKA 2,6:56.87,4,STKT 1,6:59.65,5,STAN 1,7:01.31,6,SHAK 1,7:01.50,7,STPA 2,7:21.84,8,JMCG 2,7:47.87
33,7,h,3,1=FA; 2-5=R,Official,1,JMCG 1,6:54.58,2,STPA 1,6:54.64,3,STKT 2,7:02.21,4,STBD 2,7:06.36,5,STPC 1,7:06.86,6,CBHS 1,7:07.82,7,SPTW 1,7:35.41,8,TIMB 1,7:50.12
34,7,h,4,1=FA; 2-5=R,Official,1,WNCS 1,6:49.96,2,SPLH 1,6:57.02,3,MTAL 1,6:57.19,4,RAHS 1,7:02.87,5,AGSB 1,7:06.78,6,CBHS 2,7:22.27,7,SHIR 2,7:24.49
35,8,h,1,"1,2=S; 3-5=R",Official,1,MARN 1,8:49.78,2,HAMG 1,8:50.11,3,GARI 1,9:01.42,4,POMP 1,9:03.47,5,NCOG 1,9:03.66,6,WENT 1,9:14.92,7,BTHC 1,9:18.81,8,TALC 1,9:26.95
35,8,h,1,"1,2->Semi-Final; 3,4,5->Repechage",Official,1,SHGN 1,8:46.30,2,STHI 1,8:50.98,3,WNHS 1,8:53.41,3,AOTE 1,8:53.41,5,STMG 1,9:08.42,6,JHAR 1,9:11.59,7,BURN 1,9:19.77
35,8,h,1,"1,2=S; 3-5=R",Official,1,HOWI 1,8:34.71,2,MLBG 1,8:39.22,3,GARI 1,8:46.43,4,SHGN 1,8:50.31,5,BURN 1,9:04.61,6,DIOC 1,9:10.43,7,SLDG 1,9:14.10,8,GGHS 2,9:35.62
36,8,h,2,"1,2=S; 3-5=R",Official,1,KGCA 1,8:44.78,2,JPCR 1,8:45.53,3,STHI 1,8:55.50,4,NCOG 1,8:55.76,5,TALC 1,9:00.99,6,GERA 1,9:03.62,7,TRGG 1,9:09.91,8,HUAN 1,9:42.51
37,8,h,3,"1,2=S; 3-5=R",Official,1,SAMU 1,8:36.35,2,MTAL 1,8:45.71,3,HAMG 1,8:48.47,4,JHAR 1,9:02.09,5,BTHC 1,9:03.73,6,GGHS 1,9:11.53,7,ROLL 1,9:16.08,8,SHGN 2,9:22.94
38,8,h,4,"1,2=S; 3-5=R",Official,1,WHGG 1,8:43.84,2,QHSD 1,8:47.92,3,AOTE 1,8:56.60,4,POMP 1,8:57.91,5,STMG 1,9:02.54,6,HLMT 1,9:13.62,7,TIMG 1,9:18.44,8,RONC 1,9:25.82
39,8,h,5,"1,2=S; 3-5=R",Official,1,COLU 1,8:30.44,2,LINC 1,8:37.70,3,MARN 1,8:51.50,4,WNHS 1,8:57.87,5,WENT 1,9:11.51,6,TAUH 1,9:20.65,7,GLDW 1,9:28.34
40,9,h,1,"1,2=S; 3-5=R",Official,1,WHGB 1,7:41.70,2,DUNS 1,7:42.93,3,WLCO 1,7:44.24,4,SCOT 1,7:44.51,5,STPC 1,7:48.29,6,WTKB 1,7:50.23,7,KGCA 1,7:53.38,8,HUAN 1,9:09.17
40,9,h,1,"1,2->Semi-Final; 3,4,5->Repechage",Official,1,ASHB 1,7:33.90,2,BURN 1,7:36.90,3,GARI 1,7:48.80,4,SLDB 1,8:03.45,5,BTHC 1,8:11.44,6,TIMB 2,8:15.95,7,BTHC 2,8:23.77
40,9,h,1,"1,2=S; 3-5=R",Official,1,HASB 1,7:32.04,2,SPLH 1,7:37.81,3,WTKB 1,7:50.22,4,BTHC 1,7:59.51,5,BTHC 2,8:07.45,6,ROTB 1,8:22.19,7,KHSD 1,8:22.37,8,SPTW 1,8:30.90
41,9,h,2,"1,2=S; 3-5=R",Official,1,WNHS 1,7:30.66,2,FRAN 1,7:38.43,3,TIMB 2,7:51.74,4,DUNS 1,7:57.47,5,HUAN 1,8:01.86,6,CASH 1,8:03.46,7,RONC 1,8:18.61
42,9,h,3,"1,2=S; 3-5=R",Official,1,MTAS 1,7:29.96,2,MLBB 1,7:34.74,3,STPC 1,7:42.28,4,BURN 1,7:42.51,5,KGCA 1,7:47.71,6,GLDW 1,7:51.84,7,HLMT 1,8:10.37,8,TAKA 1,8:43.72
43,9,h,4,"1,2=S; 3-5=R",Official,1,PAPA 1,7:29.61,2,HAUR 1,7:30.00,3,ASHB 1,7:35.28,4,WHGB 1,7:44.16,5,SLDB 1,8:01.25,6,DARF 1,8:11.01,7,WAKA 1,8:27.71,8,TRGB 1,9:52.69
44,9,h,5,"1,2=S; 3-5=R",Official,1,JMCG 1,7:36.03,2,TIMB 1,7:41.68,3,WLCO 1,7:43.81,4,GARI 1,7:44.44,5,SCOT 1,7:45.66,6,SPLH 2,7:50.21,7,PAPA 2,7:59.08
45,10,h,1,1=FA; 2-8=R,Official,1,WKDS 1,7:18.46,2,CGHS 1,7:28.67,3,RRGS 2,7:29.69,4,DIOC 1,7:31.09,5,STPC 1,7:33.76,6,STMG 2,8:08.78
45,10,h,1,"1->A Final; 2,3,4,5,6,7,8->Repechage",Official,1,WTKG 1,7:19.78,2,EGGS 1,7:25.44,3,STCU 1,7:26.13,4,STMG 1,7:29.35,5,CASH 1,7:37.41
45,10,h,1,1=FA; 2-8=R,Official,1,RRGS 1,7:05.10,2,WKDS 1,7:13.03,3,STMG 1,7:25.91,4,STPC 1,7:26.12,5,EGGS 1,7:28.11,6,DIOC 1,7:31.15
46,10,h,2,1=FA; 2-8=R,Official,1,SHGH 1,7:20.23,2,WTKG 1,7:23.09,3,CGHS 1,7:26.84,4,STCU 1,7:29.72,5,RRGS 2,7:30.42,6,CASH 1,7:46.25,7,STMG 2,7:57.94
47,11,h,1,1=FA; 2-8=R,Official,1,CHCO 1,6:13.58,2,TIMB 1,6:18.50,3,KGCA 1,6:27.67,4,WTLB 1,6:30.68,5,STCC 1,6:34.33
47,11,h,1,"1->A Final; 2,3,4,5,6,7,8->Repechage",Official,1,AGSB 1,6:12.82,2,STKT 1,6:14.07,3,STAN 1,6:14.94,4,HAMB 1,6:17.58,5,CHCO 2,6:35.90,6,CHCO 3,7:06.21
47,11,h,1,1=FA; 2-8=R,Official,1,STBD 1,6:09.37,2,CHCO 1,6:12.56,3,STKT 1,6:13.19,4,KGCA 1,6:13.72,5,HAMB 1,6:14.86,6,STCC 1,6:32.45,7,CHCO 3,6:58.76
48,11,h,2,1=FA; 2-8=R,Official,1,STPA 1,6:13.13,2,AGSB 1,6:14.69,3,TIMB 1,6:18.07,4,STAN 1,6:22.01,5,WTLB 1,6:28.26,6,CHCO 2,6:32.92
49,12,h,1,"1,2=S; 3-5=R",Official,1,SPLH 1,7:37.12,2,HAMG 1,7:39.44,3,TAKA 1,7:39.82,4,CASH 1,7:44.64,5,DIOC 1,7:45.68,6,VILL 1,7:47.60,7,COLU 1,7:53.08,8,WTLG 1,8:00.36
49,12,h,1,"1,2->Semi-Final; 3,4,5->Repechage",Official,1,WNHS 2,7:44.21,2,WNCS 1,7:47.39,3,WAKA 1,7:48.62,4,STCU 1,7:50.43,5,HLCR 1,7:53.68,6,GGHS 1,7:57.35,7,WLGC 1,7:57.90
49,12,h,1,"1,2=S; 3-5=R",Official,1,ASHB 1,7:30.51,2,OGHS 1,7:38.42,3,HAMG 1,7:42.51,4,HLCR 1,7:53.48,5,GGHS 1,7:57.09,6,WAKA 3,8:02.41,7,NCOG 1,8:04.18,8,ROTL 1,8:32.69
50,12,h,2,"1,2=S; 3-5=R",Official,1,BURN 1,7:33.84,2,WEGC 1,7:36.63,3,WNHS 2,7:41.13,4,CASH 1,7:42.08,5,DIOC 1,7:43.31,6,CAMB 1,7:55.72,7,WAKA 2,8:02.84,8,ROTG 1,8:33.41
51,12,h,3,"1,2=S; 3-5=R",Official,1,MARN 1,7:41.07,2,CRAI 1,7:43.00,3,SPLH 1,7:45.35,4,STCU 1,7:53.66,5,WTLG 1,7:59.30,6,WHGG 1,8:08.63,7,CRAI 2,8:17.26,8,WAKA 4,8:43.83
52,12,h,4,"1,2=S; 3-5=R",Official,1,MTAL 1,7:32.83,2,ACGT 1,7:43.75,3,WNCS 1,7:48.82,4,VILL 1,7:52.70,5,WLGC 1,7:59.50,6,MTAS 1,8:11.88,7,STHI 1,8:22.51,8,JHAR 1,8:23.68
53,12,h,5,"1,2=S; 3-5=R",Official,1,WNHS 1,7:36.17,2,HAUR 1,7:41.45,3,TAKA 1,7:48.39,4,WAKA 1,7:53.08,5,COLU 1,7:55.12,6,WHGG 2,7:57.01,7,BURN 2,8:04.12,8,STKT 1,8:04.77
54,13,h,1,1=FA; 2-8=R,Official,1,STKT 1,6:42.20,2,SHIR 1,6:47.67,3,MLBB 1,6:51.71,4,HAMB 1,6:58.71,5,STPC 1,7:00.47
54,13,h,1,"1->A Final; 2,3,4,5,6,7,8->Repechage",Official,1,CHCO 1,6:39.23,2,STPA 1,6:51.69,3,STCC 1,6:52.44,4,AGSB 2,6:58.49,5,JMCG 1,7:14.90,6,TRGB 1,7:36.20
54,13,h,1,1=FA; 2-8=R,Official,1,AGSB 1,6:32.91,2,STKT 1,6:40.41,3,CHCO 1,6:41.71,4,SHIR 1,6:50.85,5,STCC 1,7:00.28,6,HAMB 1,7:04.10,7,JMCG 1,7:22.52
55,13,h,2,1=FA; 2-8=R,Official,1,WAKA 1,6:40.78,2,STPA 1,6:55.29,3,STPC 1,6:55.36,4,AGSB 2,6:58.91,5,MLBB 1,7:02.77,6,TRGB 1,7:29.84
56,14,h,1,"1,2=FA; 3-7=R",Official,1,WKDS 1,8:07.02,2,STMG 1,8:11.73,3,QMAR 1,8:20.83,4,WTLG 1,8:26.18,5,WTLG 2,8:52.22
56,14,h,1,"1,2->A Final; 3,4,5,6,7->Repechage",Official,1,CGHS 1,8:12.37,2,WTKG 1,8:22.27,3,BARA 2,8:28.79,4,QMAR 2,8:32.89,5,TRGG 1,8:33.47,6,JHAR 1,8:41.76
56,14,h,1,"1,2=FA; 3-7=R",Official,1,KGCA 1,7:53.25,2,RRGS 1,7:54.70,3,WKDS 1,8:03.25,4,CGHS 1,8:14.86,5,QMAR 1,8:21.53,6,TRGG 1,8:36.56
57,14,h,2,"1,2=FA; 3-7=R",Official,1,TIMG 1,8:06.29,2,STPC 1,8:07.98,3,STMG 1,8:16.33,4,QMAR 2,8:19.54,5,BARA 2,8:43.46,6,WTLG 2,8:54.23
58,14,h,3,"1,2=FA; 3-7=R",Official,1,BARA 1,8:05.83,2,SAMU 1,8:10.46,3,WTKG 1,8:15.61,4,WTLG 1,8:24.46,5,JHAR 1,8:57.34
59,15,h,1,1=S; Rest=R,Official,1,STPC 1,6:51.45,2,KGCA 1,6:56.80,3,WNCS 1,6:59.48,4,SHIR 1,7:00.97,5,STPC 2,7:03.69,6,STKT 1,7:16.00,7,SCOT 1,7:17.19,8,SHIR 2,7:34.15
59,15,h,1,1=S; Rest=R,Official,1,MLBB 1,6:53.54,2,WNHS 1,7:00.92,3,SPLH 2,7:03.72,4,WLCO 1,7:08.31,5,MTAL 1,7:12.44,6,WAKA 2,7:13.63,7,BURN 1,7:26.64,8,SJHM 1,7:30.36
59,15,h,1,1->Semi-Final; Rest->Repechage,Official,1,GBHS 1,7:01.02,2,TRGB 1,7:03.64,3,STPA 1,7:04.73,4,NELB 1,7:06.94,5,TAKA 1,7:07.95,6,AGSB 1,7:12.75,7,STCC 1,7:15.39,8,AGSB 2,7:34.99
59,15,h,1,1=S; Rest=R,Official,1,SPLH 1,6:38.93,2,STPC 1,6:43.77,3,MLBB 1,6:46.46,4,GBHS 1,6:53.98,5,SHIR 1,7:00.53,6,WLCO 1,7:01.06,7,AGSB 2,7:29.86
60,15,h,2,1=S; Rest=R,Official,1,SHAK 1,6:44.35,2,WNCS 1,6:49.45,3,STPA 1,6:49.94,4,WAKA 2,7:04.53,5,SHIR 2,7:09.25,6,AGSB 1,7:10.51,7,SCOT 1,7:15.89
61,15,h,3,1=S; Rest=R,Official,1,WAKA 1,6:40.59,2,WNHS 1,6:44.86,3,KGCA 1,6:48.49,4,NELB 1,6:59.52,5,SJHM 1,7:02.88,6,STKT 1,7:09.94,7,BURN 1,7:21.91
62,15,h,4,1=S; Rest=R,Official,1,HAUR 1,6:45.10,2,TRGB 1,6:48.98,3,SPLH 2,6:53.79,4,STPC 2,6:56.77,5,STCC 1,7:01.72,6,MTAL 1,7:05.43,7,TAKA 1,7:08.22
63,16,h,1,1=S; Rest=R,Official,1,WTLG 1,8:09.57,2,STMG 1,8:10.12,3,RRGS 2,8:27.03,4,COLU 1,8:31.79,5,DIOC 1,8:40.09,6,MARN 1,9:03.78
63,16,h,1,1=S; Rest=R,Official,1,STAN 1,8:15.90,2,STAN 2,8:21.35,3,SHGH 1,8:24.53,4,CGHS 1,8:28.44,5,GGHS 1,8:48.27,6,RRGS 3,8:57.12,7,PUKE 1,9:22.10
63,16,h,1,1->Semi-Final; Rest->Repechage,Official,1,WNCS 1,8:08.01,2,MLBG 1,8:23.82,3,STKT 1,8:29.52,4,EGGS 2,8:41.04,5,STAN 4,8:48.09,6,STMG 2,9:19.88
63,16,h,1,1=S; Rest=R,Official,1,EGGS 1,7:49.69,2,WTLG 1,8:01.98,3,SHGH 1,8:06.97,4,STKT 1,8:20.40,5,WLGC 1,8:33.34,6,GGHS 1,8:56.65,7,STMG 2,9:18.10
64,16,h,2,1=S; Rest=R,Official,1,SAMU 1,7:52.65,2,STMG 1,7:55.17,3,WNCS 1,7:55.38,4,STAN 1,8:00.69,5,RRGS 2,8:15.65,6,VILL 1,11:06.57
65,16,h,3,1=S; Rest=R,Official,1,WKDS 1,8:03.98,2,STAN 2,8:12.39,3,COLU 1,8:18.71,4,EGGS 2,8:24.61,5,RRGS 3,8:39.65,6,MARN 1,8:50.99
66,16,h,4,1=S; Rest=R,Official,1,RRGS 1,7:59.10,2,MLBG 1,8:06.20,3,CGHS 1,8:15.08,4,DIOC 1,8:22.03,5,STAN 4,8:46.75,6,PUKE 1,9:37.29
67,17,h,1,1=FA; 2-5=R,Official,1,STBD 1,7:02.96,2,CHCO 1,7:04.79,3,TIMB 1,7:05.64,4,AGSB 1,7:14.98,5,STPA 2,7:20.55,6,AGSB 2,7:23.40,7,OBHS 1,7:27.34,8,KGCA 2,7:29.85
67,17,h,1,"1->A Final; 2,3,4,5->Repechage",Official,1,STPA 1,7:07.38,2,CASH 1,7:12.87,3,STKT 1,7:16.69,4,WAKA 1,7:17.43,5,CBHS 3,7:19.53,6,STAN 1,7:20.24,7,HAMB 2,7:21.59,8,STKT 2,7:27.81
67,17,h,1,1=FA; 2-5=R,Official,1,KGCA 1,6:52.73,2,STBD 1,6:55.09,3,CHCO 1,7:01.20,4,STAN 1,7:11.22,5,STKT 1,7:14.73,6,OBHS 2,7:21.62,7,AGSB 3,7:36.17
68,17,h,2,1=FA; 2-5=R,Official,1,HAMB 1,6:51.95,2,STPA 1,7:05.45,3,CBHS 3,7:13.63,4,KGCA 2,7:14.68,5,AGSB 2,7:22.78,6,STBD 2,7:28.78,7,WTLB 1,7:33.69
69,17,h,3,1=FA; 2-5=R,Official,1,WLCO 1,7:01.43,2,TIMB 1,7:05.88,3,AGSB 1,7:08.78,4,WAKA 1,7:16.46,5,STKT 2,7:24.19,6,CBHS 2,7:26.63,7,TRGB 1,7:47.90
70,17,h,4,1=FA; 2-5=R,Official,1,CBHS 1,7:03.54,2,CASH 1,7:04.51,3,HAMB 2,7:09.19,4,OBHS 1,7:13.75,5,STPA 2,7:14.40,6,WTLB 2,7:16.10
71,18,h,1,"1,2->A Final; 3,4,5,6->Repechage",Official,1,QMAR 1,7:16.02,2,MLBG 1,7:21.16,3,STMG 2,7:22.04,4,STPC 1,7:27.66,5,EGGS 1,7:31.31,6,STAN 1,7:35.34,7,BARA 1,7:38.33,8,OTUM 1,8:12.75
71,18,h,1,"1,2=FA; 3-6=R",Official,1,STMG 1,6:52.89,2,WKDS 1,6:58.56,3,MLBG 1,7:12.83,4,STPC 1,7:19.87,5,STAN 1,7:26.64,6,OTUM 1,7:40.74
72,18,h,2,"1,2=FA; 3-6=R",Official,1,CGHS 1,6:58.44,2,DIOC 1,6:58.79,3,QMAR 1,7:06.46,4,STMG 2,7:20.65,5,EGGS 1,7:25.35,6,BARA 1,7:25.79
73,19,h,1,1=FA; 2-8=R,Official,1,HAMB 1,6:39.73,2,CBHS 1,6:53.44,3,SLDB 1,6:54.89,4,SPTW 1,7:05.23,5,AGSB 2,7:09.74,6,HAMB 2,7:19.36,7,JMCG 1,7:47.64
73,19,h,1,"1->A Final; 2,3,4,5,6,7,8->Repechage",Official,1,AGSB 1,6:39.58,2,KGCA 1,6:44.67,3,TRGB 1,6:59.25,4,SHAK 1,7:01.97,5,CASH 1,7:19.94,6,STBD 2,7:37.57
73,19,h,1,1=FA; 2-8=R,Official,1,CHCO 1,6:24.57,2,HAMB 1,6:26.37,3,KGCA 1,6:44.70,4,CBHS 1,6:56.37,5,CASH 1,7:11.51,6,AGSB 2,7:14.49,7,STBD 2,7:27.42,8,JMCG 1,7:46.58
74,19,h,2,1=FA; 2-8=R,Official,1,STBD 1,6:39.11,2,AGSB 1,6:41.10,3,SLDB 1,6:56.70,4,SHAK 1,6:57.43,5,SPTW 1,6:58.78,6,TRGB 1,7:00.21,7,HAMB 2,7:22.30
75,20,h,1,"1,2=S; 3-5=R",Official,1,MLBG 1,8:33.95,2,NAPG 1,8:39.88,3,GARI 1,8:40.54,4,BURN 1,8:42.68,5,ROTL 1,8:50.07,6,WAKA 1,8:51.90,7,MARN 1,9:05.95,8,STHI 1,11:24.20
75,20,h,1,"1,2->Semi-Final; 3,4,5->Repechage",Official,1,TIMG 1,8:30.01,2,GLDW 2,8:39.64,3,AVSG 1,8:40.59,4,DUNS 1,8:47.27,5,STKV 1,8:52.53,6,RONC 1,8:56.02,7,CRAI 1,9:02.89
75,20,h,1,"1,2=S; 3-5=R",Official,1,SHGH 1,8:06.25,2,NPLG 1,8:13.09,3,MLBG 1,8:21.16,4,TIMG 1,8:27.18,5,STKV 1,8:40.94,6,WNHS 1,8:48.30,7,NCOG 1,9:03.74
76,20,h,2,"1,2=S; 3-5=R",Official,1,VILL 1,8:23.23,2,HUAN 1,8:28.64,3,RONC 1,8:37.07,4,ROTL 1,8:38.67,5,GARI 1,8:40.03,6,MLBG 2,8:50.93,7,WHGG 1,9:13.61
77,20,h,3,"1,2=S; 3-5=R",Official,1,COLU 1,8:15.65,2,SLDG 1,8:18.18,3,NAPG 1,8:34.63,4,GLDW 2,8:40.57,5,STHI 1,8:45.12,6,QHSD 1,8:54.35,7,ROTG 1,9:03.26
78,20,h,4,"1,2=S; 3-5=R",Official,1,WENT 1,8:20.52,2,MACL 1,8:22.14,3,DUNS 1,8:38.98,4,WAKA 1,8:43.52,5,CRAI 1,8:49.10,6,WTKG 1,8:50.01,7,MTAL 1,9:01.91
79,20,h,5,"1,2=S; 3-5=R",Official,1,GERA 1,8:15.66,2,HOWI 1,8:26.50,3,BURN 1,8:38.31,4,AVSG 1,8:40.69,5,MARN 1,8:51.11,6,VILL 2,8:57.95,7,ASHB 1,9:32.97
80,21,h,1,1-5=Q F; Rest Elim,Official,1,NELB 1,7:08.41,2,WNHS 1,7:12.86,3,TAUP 1,7:20.68,4,TRGB 1,7:22.76,5,SPLH 2,7:26.85,6,BTHC 1,7:31.88,7,TAUH 1,7:32.22,8,WLCO 2,7:57.06
81,21,h,2,1-5=Q F; Rest Elim,Official,1,FRAN 1,7:08.65,2,GLDW 1,7:14.21,3,JMCG 1,7:19.72,4,SHAK 1,7:21.56,5,AQUI 1,7:28.19,6,CBHS 1,7:32.79,7,STAN 1,7:41.96,8,TAKA 2,7:44.28
82,21,h,3,1-5=Q F; Rest Elim,Official,1,SHIR 1,7:08.32,2,WHAK 1,7:13.45,3,STCC 1,7:15.57,4,SCOT 1,7:30.22,5,OTUM 1,7:37.01,6,TAKA 1,7:37.57,7,WNCS 2,7:53.75,8,ROTB 1,8:34.17
83,21,h,4,1-5=Q F; Rest Elim,Official,1,WNCS 1,7:09.00,2,OBHS 1,7:10.63,3,NAPB 1,7:13.93,4,CASH 1,7:23.30,5,ONSL 1,7:25.95,6,STPA 1,7:32.01,7,WHGB 1,7:53.84,8,ROTO 1,7:54.72
84,21,h,5,1-5=Q F; Rest Elim,Official,1,GBHS 1,7:13.72,2,SPLH 1,7:20.92,3,WLCO 1,7:25.18,4,TIMB 2,7:32.41,5,KHSD 1,7:36.94,6,STKT 1,7:46.55,7,BURN 2,7:48.57
85,21,h,6,1-5=Q F; Rest Elim,Official,1,BURN 1,7:05.98,2,WTKB 1,7:07.78,3,TIMB 1,7:23.26,4,HOWI 1,7:26.29,5,STBD 1,7:26.67,6,GLDW 2,7:39.48,7,ONSL 2,7:54.40
86,22,h,1,1-4=Q F; Rest Elim,Official,1,STCU 1,8:17.89,2,BURN 1,8:27.57,3,STOR 1,8:41.16,4,ROTL 1,8:50.79,5,NAYL 1,9:02.82,6,AVSG 2,9:07.43,7,TIMG 1,9:14.71,8,WLGC 1,9:57.71
87,22,h,2,1-4=Q F; Rest Elim,Official,1,ASHB 1,8:27.90,2,QMAR 1,8:32.17,3,SPLH 1,8:41.21,4,BURN 2,8:41.75,5,STKV 1,8:45.12,6,ROTG 2,9:05.42,7,AOTE 1,9:16.13,8,QHSD 1,9:43.42
88,22,h,3,1-4=Q F; Rest Elim,Official,1,ACGT 1,8:29.09,2,ROTG 1,8:33.23,3,STCA 1,8:37.42,4,IONA 1,8:39.12,5,TAKA 1,8:59.79,6,MTAS 1,9:29.67,7,TEKC 1,9:41.18,8,VILL 1,9:45.56
89,22,h,4,1-4=Q F; Rest Elim,Official,1,HUAN 1,8:28.38,2,LINC 1,8:37.21,3,AVSG 1,8:45.79,4,IONA 2,8:50.70,5,WNHS 1,8:53.83,6,POMP 1,9:14.62,7,TAUH 1,9:22.31,8,ROLL 1,9:34.69
90,22,h,5,1-4=Q F; Rest Elim,Official,1,DUNS 1,8:24.48,2,HUAN 2,8:37.16,3,MARN 1,8:41.10,4,CASH 1,8:48.79,5,WHGG 1,8:57.82,6,TRGG 1,9:10.52,7,TALC 1,9:25.52,8,GERA 1,9:31.55
91,22,h,6,1-4=Q F; Rest Elim,Official,1,WENT 1,8:26.77,2,HAUR 1,8:35.19,3,SAMU 1,8:43.79,4,QMAR 2,8:45.70,5,WNCS 1,8:52.60,6,TWIZ 1,9:10.98,7,SHGN 1,9:13.83,8,RONC 1,9:21.40
92,22,h,7,1-4=Q F; Rest Elim,Official,1,AQUI 1,8:35.57,2,HAUR 2,8:39.85,3,WLGC 2,8:42.53,4,WNHS 2,8:53.56,5,WKDS 1,9:10.54,6,STLN 1,9:16.51,7,MLBG 1,9:28.26
93,23,h,1,"1->A Final; 2,3,4,5->Repechage",Official,1,CRAI 1,7:26.26,2,STKT 1,7:31.86,3,TAKA 1,7:32.45,4,STPC 1,7:33.84,5,STHI 1,7:36.30,6,QMAR 1,7:42.39,7,STCU 1,7:44.63,8,STMG 1,7:51.76
93,23,h,1,1=FA; 2-5=R,Official,1,WAKA 1,7:14.58,2,TAKA 1,7:28.39,3,STHI 1,7:32.64,4,STKT 1,7:36.47,5,STMG 1,8:02.70
94,23,h,2,1=FA; 2-5=R,Official,1,DIOC 1,7:15.31,2,CRAI 1,7:20.39,3,STPC 1,7:38.63,4,QMAR 1,7:42.67,5,STCU 1,7:44.73
95,24,h,1,"1->Final; 2,3,4,5->Repechage",Official,1,WTLB 1,6:42.70,2,STCC 1,6:46.83,3,CBHS 1,6:47.12,4,MTAL 1,6:52.25,5,SHIR 1,6:54.77,6,CBHS 2,7:04.58,7,STBD 1,7:12.34
95,24,h,1,1=F; 2-5=R,Official,1,HAMB 1,6:30.08,2,MTAL 1,6:42.59,3,STCC 1,6:49.40,4,CBHS 2,7:06.28,5,STBD 1,7:20.15
96,24,h,2,1=F; 2-5=R,Official,1,KGCA 1,6:25.73,2,WTLB 1,6:39.01,3,CBHS 1,6:43.05,4,SHIR 1,7:00.04
97,25,h,1,1=FA; 2-8=R,Official,1,AGSB 1,6:45.31,2,CBHS 1,6:46.93,3,HAMB 2,6:54.96,4,AGSB 2,7:03.29,5,CBHS 2,7:09.57,6,MTAL 1,7:35.16
97,25,h,1,"1->A Final; 2,3,4,5,6,7,8->Repechage",Official,1,CHCO 1,6:43.80,2,KGCA 1,6:44.96,3,SJHM 1,6:55.92,4,HASB 1,7:03.46,5,AGSB 3,7:22.75
97,25,h,1,1=FA; 2-8=R,Official,1,WTLB 1,6:37.15,2,AGSB 1,6:40.30,3,CHCO 1,6:42.74,4,HAMB 2,6:49.93,5,SJHM 1,6:50.48,6,CBHS 2,7:04.95,7,AGSB 3,7:09.17,8,MTAL 1,7:16.75
98,25,h,2,1=FA; 2-8=R,Official,1,HAMB 1,6:35.66,2,KGCA 1,6:37.80,3,CBHS 1,6:46.50,4,CHCO 2,6:53.27,5,AGSB 2,6:57.21,6,HASB 1,6:58.09
99,26,h,1,"1,2=FA; Rest=R",Official,1,EGGS 1,7:33.54,2,WTLG 1,7:38.41,3,WKDS 2,7:46.54,4,STAN 2,7:48.55,5,WLGC 1,7:51.01,6,WTLG 2,8:10.26
99,26,h,1,"1,2->A Final; Rest->Repechage",Official,1,MLBG 1,7:32.65,2,SHGH 1,7:40.89,3,WNCS 2,7:45.38,4,BARA 1,7:46.39,5,RRGS 2,8:07.46,6,BARA 2,8:16.70
99,26,h,1,"1,2=FA; Rest=R",Official,1,RRGS 1,7:16.32,2,WKDS 1,7:24.53,3,MLBG 1,7:28.84,4,WTLG 1,7:32.81,5,BARA 1,7:38.54,6,STAN 2,7:58.01
100,26,h,2,"1,2=FA; Rest=R",Official,1,WNCS 1,7:29.49,2,CGHS 1,7:30.82,3,SHGH 1,7:35.32,4,EGGS 1,7:38.52,5,WLGC 1,7:53.56,6,RRGS 2,8:01.04
101,26,h,3,"1,2=FA; Rest=R",Official,1,CASH 1,7:29.75,2,STAN 1,7:31.62,3,WKDS 2,7:32.13,4,WNCS 2,7:43.41,5,WTLG 2,8:05.28,6,BARA 2,8:09.54
102,27,h,1,1-5=Q F; Rest Elim,Official,1,WNHS 1,7:37.07,2,MARN 1,7:46.88,3,KGCA 1,7:49.58,4,STHI 1,7:54.16,5,SAMU 1,8:04.54,6,TRGG 1,8:33.84,7,WAKA 3,8:52.82,8,RONC 1,9:00.00
103,27,h,2,1-5=Q F; Rest Elim,Official,1,COLU 1,7:37.72,2,HOWI 1,7:50.50,3,VILL 1,7:53.97,4,PUKE 1,7:57.20,5,OTUM 1,8:00.56,6,GARI 1,8:03.95,7,AVSG 1,8:10.12,8,WHGG 2,8:42.63
104,27,h,3,1-5=Q F; Rest Elim,Official,1,HAMG 1,7:36.96,2,DIOC 2,7:46.45,3,DIOC 1,7:48.97,4,BARA 1,7:59.67,5,STMW 1,7:59.76,6,COLU 2,8:15.76,7,ROTG 1,8:27.65,8,OTUM 2,8:33.12
105,27,h,4,1-5=Q F; Rest Elim,Official,1,CASH 1,7:45.82,2,CRAI 1,7:56.00,3,BURN 1,8:06.42,4,NCOG 1,8:08.01,5,JHAR 1,8:10.85,6,TIMG 1,8:20.26,7,MLBG 1,8:22.01,8,GGHS 1,8:42.00
106,27,h,5,1-5=Q F; Rest Elim,Official,1,QMAR 1,7:40.73,2,WHGG 1,7:45.21,3,STMG 1,7:54.23,4,WAKA 2,7:55.79,5,TAKA 1,7:57.38,6,WKDS 1,7:59.73,7,BARA 2,8:30.43
107,27,h,6,1-5=Q F; Rest Elim,Official,1,WAKA 1,7:40.82,2,MTAL 1,7:42.34,3,STPC 1,7:56.37,4,WTLG 1,8:13.27,5,JPCR 1,8:21.68,6,JHAR 2,8:37.16
108,28,h,1,"1,2=S; 3-5=R",Official,1,BURN 1,7:21.20,2,SJHM 1,7:27.74,3,CAMB 1,7:30.79,4,STPC 2,7:32.88,5,WHGB 1,7:33.94,6,CASH 1,7:38.14,7,SCOT 1,7:40.20,8,ROTO 1,7:52.70
108,28,h,1,"1,2->Semi-Final; 3,4,5->Repechage",Official,1,WNCS 1,7:25.69,2,SPLH 1,7:30.05,3,SHIR 1,7:31.71,4,BURN 2,7:36.75,5,AQUI 1,7:37.50,6,TRGB 1,7:37.56,7,TIMB 1,7:47.45
108,28,h,1,"1,2=S; 3-5=R",Official,1,ONSL 1,7:20.43,2,MACL 1,7:27.87,3,SJHM 1,7:30.17,4,TRGB 1,7:36.76,5,TIMB 1,7:39.30,6,TAKA 1,7:41.47,7,SPLH 2,7:45.55,8,CHCO 1,7:54.04
109,28,h,2,"1,2=S; 3-5=R",Official,1,MTAL 1,7:12.84,2,CASH 2,7:17.70,3,WNCS 1,7:28.19,4,BURN 1,7:32.48,5,ROTO 1,7:46.99,6,RAHS 2,7:53.02,7,HAUR 1,7:56.25,8,TRGB 2,7:57.96
110,28,h,3,"1,2=S; 3-5=R",Official,1,WAKA 1,7:21.39,2,WHAK 1,7:28.36,3,CASH 1,7:36.33,4,SHIR 1,7:42.57,5,SCOT 1,7:44.24,6,STAN 1,7:49.22,7,HAMB 2,7:55.34,8,KHSD 1,8:42.91
111,28,h,4,"1,2=S; 3-5=R",Official,1,JMCG 1,7:22.29,2,HAMB 1,7:24.32,3,SPLH 1,7:29.44,4,CAMB 1,7:31.54,5,BURN 2,7:39.06,6,STPC 1,7:44.25,7,STPA 1,7:51.51,8,SLDB 1,8:38.97
112,28,h,5,"1,2=S; 3-5=R",Official,1,SHAK 1,7:13.43,2,RAHS 1,7:27.04,3,STPC 2,7:32.55,4,AQUI 1,7:34.12,5,WHGB 1,7:34.65,6,SPTW 1,7:42.15,7,WAKA 2,7:43.70,8,PUKE 1,7:52.11
113,29,h,1,1-4=Q; Last Elim; Rest=R,Official,1,QMAR 1,9:06.76,2,OGHS 1,9:19.08,3,HOWI 1,9:24.78,4,ONSL 1,9:32.20,5,WLGC 1,9:43.31,6,TIMG 1,10:04.71
113,29,h,1,1-4->Quarter; Last Eliminated; Rest->Reps,Official,1,SLDG 1,9:09.85,2,MLBG 1,9:16.29,3,EGGS 1,9:18.57,4,ACGT 1,9:24.74,5,TRIN 1,9:31.47,6,BURN 1,9:33.23
113,29,h,1,1-4=Q; Last Elim; Rest=R,Official,1,HAMG 1,8:30.91,2,WTLG 1,8:43.13,3,AVSG 1,8:52.45,4,HLMT 1,8:59.18,5,HOWI 1,9:11.33,6,TRIN 1,9:27.04,7,TEKC 1,9:54.61
114,29,h,2,1-4=Q; Last Elim; Rest=R,Official,1,HAUR 1,8:36.24,2,JHAR 1,8:48.05,3,STPC 1,8:50.87,4,MTAL 1,9:05.49,5,MLBG 1,9:23.78,6,OGHS 1,9:24.08,7,PUKE 1,9:44.43
115,29,h,3,1-4=Q; Last Elim; Rest=R,Official,1,CASH 1,8:24.02,2,RAHS 1,8:41.58,3,ROTG 1,8:44.25,4,CRAI 1,8:48.38,5,QMAR 1,8:58.53,6,SLDG 1,9:06.04,7,CGHS 1,9:13.40
116,29,h,4,1-4=Q; Last Elim; Rest=R,Official,1,STMG 1,8:26.00,2,CAMB 1,8:37.42,3,WAKA 1,8:58.90,4,MARN 1,9:13.68,5,BURN 1,9:36.39,6,TIMG 1,9:59.41
117,29,h,5,1-4=Q; Last Elim; Rest=R,Official,1,KGCA 1,8:42.92,2,GGHS 1,8:50.34,3,STLN 1,8:57.01,4,NAYL 1,9:12.24,5,WLGC 1,9:26.17,6,ACGT 1,9:28.68,7,STMG 2,9:29.17
118,29,h,6,1-4=Q; Last Elim; Rest=R,Official,1,GLDW 1,8:42.69,2,WKDS 1,8:53.76,3,CRAI 2,8:54.82,4,STKV 1,9:02.29,5,EGGS 1,9:19.53,6,COLU 2,9:28.12
119,29,h,7,1-4=Q; Last Elim; Rest=R,Official,1,COLU 1,8:44.10,2,NGAR 1,8:45.04,3,TAUP 1,8:51.69,4,SHGN 1,9:14.32,5,ONSL 1,9:20.10,6,EGGS 2,9:22.53
120,30,h,1,1-4=Q; Last Elim; Rest=R,Official,1,FRAN 1,7:53.58,2,TEAW 1,7:59.02,3,STCC 1,8:06.94,4,JPCR 1,8:07.10,5,WTKB 1,8:08.30,6,OBHS 1,8:35.44,7,AGSB 1,8:49.69
120,30,h,1,1-4=Q; Last Elim; Rest=R,Official,1,TIMB 1,7:51.83,2,DARF 1,7:52.05,3,ASHB 1,8:04.26,4,NGAR 1,8:06.67,5,SCOT 1,8:18.68,6,ROTL 1,8:41.89
120,30,h,1,1-4->Quarter; Last Eliminated; Rest->Reps,Official,1,NAPB 1,7:53.48,2,CBHS 1,7:59.34,3,WNHS 2,8:05.36,4,WTLB 1,8:05.96,5,MLBB 2,8:08.48,6,TAUP 2,8:16.00,7,STBD 1,8:35.40
120,30,h,1,1-4=Q; Last Elim; Rest=R,Official,1,MTAL 1,7:35.48,2,NPLB 1,7:49.03,3,WNHS 1,7:51.29,4,HAUR 1,7:51.59,5,FRAN 1,7:59.45,6,TIMB 1,8:02.54,7,TAUP 2,8:19.80,8,TAKA 1,8:19.88
121,30,h,2,1-4=Q; Last Elim; Rest=R,Official,1,MLBB 1,7:51.06,2,OTUM 1,7:56.76,3,STPC 1,7:59.86,4,STCC 2,8:06.91,5,WTKB 1,8:12.31,6,WNHS 2,8:14.79,7,ASHB 1,8:16.51,8,WNCS 1,8:17.73
122,30,h,3,1-4=Q; Last Elim; Rest=R,Official,1,TRGB 1,7:53.97,2,STKV 1,7:56.93,3,PUKE 1,8:00.48,4,HLCR 1,8:03.43,5,JPCR 1,8:30.00,6,MLBB 2,8:35.28,7,ROTL 1,8:37.05
123,30,h,4,1-4=Q; Last Elim; Rest=R,Official,1,HAMB 1,7:52.46,2,NELB 1,7:56.65,3,LIND 1,8:02.48,4,AOTE 1,8:03.92,5,DARF 1,8:04.59,6,TEAW 1,8:08.24,7,STBD 1,8:31.56,8,GLDW 1,8:33.05
124,30,h,5,1-4=Q; Last Elim; Rest=R,Official,1,BAYF 1,7:51.18,2,SPLH 2,7:57.06,3,WENT 1,7:58.82,4,SHAK 1,8:08.00,5,NGAR 1,8:12.33,6,STCC 1,8:23.38,7,WTLB 1,8:28.46,8,BURN 1,8:53.17
125,30,h,6,1-4=Q; Last Elim; Rest=R,Official,1,SPLH 1,7:51.78,2,GBHS 1,7:56.29,3,HASB 1,8:07.60,4,SPTW 1,8:10.39,5,CBHS 1,8:16.51,6,CHCO 1,8:25.08,7,OBHS 1,8:32.95,8,KHSD 1,8:41.21
126,30,h,7,1-4=Q; Last Elim; Rest=R,Official,1,WAKA 1,7:57.00,2,WLCO 1,7:58.37,3,STPA 1,8:06.20,4,TRGB 2,8:12.42,5,NAPB 1,8:27.68,6,SCOT 1,8:40.81,7,AGSB 1,9:03.99,8,GERA 1,9:13.47
127,31,h,1,1=FA; 2-5=R,Official,1,GERA 1,8:12.97,2,STIL 1,8:14.29,3,WHGG 1,8:19.33,4,HUAN 1,8:24.36,5,MACL 1,8:25.01,6,ASHB 1,8:33.53,7,VILL 1,8:35.79,8,KGCA 1,8:51.33
127,31,h,1,"1->A Final; 2,3,4,5->Repechage",Official,1,MTAL 1,8:19.69,2,TAKA 1,8:20.31,3,STHI 1,8:22.08,4,WNHS 1,8:24.38,5,HAMG 2,8:28.50,6,TRGG 1,8:30.19,7,TALC 1,8:43.07,8,STPC 1,8:55.13
127,31,h,1,1=FA; 2-5=R,Official,1,WAKA 1,8:30.62,2,TAKA 1,8:36.34,3,MTAL 1,8:42.81,4,MACL 1,8:43.29,5,ASHB 1,8:54.26,6,QHSD 1,9:02.87,7,ROTL 1,9:08.55,8,SAMU 1,9:26.16
128,31,h,2,1=FA; 2-5=R,Official,1,HAMG 1,8:24.67,2,GERA 1,8:30.40,3,STIL 1,8:32.50,4,TRGG 1,8:45.98,5,STPC 1,9:04.79,6,MARN 1,9:09.91,7,JHAR 1,9:11.74,8,COLU 1,9:40.67
129,31,h,3,1=FA; 2-5=R,Official,1,TIMG 1,8:41.18,2,WNHS 1,8:42.80,3,STHI 1,8:48.57,4,HUAN 1,8:50.34,5,STKV 1,8:54.09,6,KGCA 1,8:55.58,7,HLMT 1,9:04.65,8,AVSG 1,9:22.00
130,31,h,4,1=FA; 2-5=R,Official,1,CRAI 1,8:27.77,2,VILL 1,8:37.44,3,WHGG 1,8:41.51,4,HAMG 2,8:43.35,5,TALC 1,8:48.66,6,QMAR 1,9:11.43,7,PUKE 1,9:13.99,8,BTHC 1,9:28.18
131,32,h,1,1=FA; 2-5=R,Official,1,MLBB 1,7:09.88,2,MTAS 1,7:10.34,3,AGSB 1,7:14.32,4,STPA 1,7:17.77,5,GLDW 1,7:18.42,6,STKT 1,7:20.46,7,CHCO 1,7:40.10,8,TRGB 1,7:43.77
131,32,h,1,"1->A Final; 2,3,4,5->Repechage",Official,1,WNCS 1,7:06.35,2,STPC 1,7:13.18,3,MTAL 1,7:14.97,4,AGSB 2,7:21.99,5,SHIR 1,7:23.38,6,WAKA 2,7:33.87,7,TIMB 1,7:39.65,8,AGSB 3,7:50.22
131,32,h,1,1=FA; 2-5=R,Official,1,WAKA 1,7:10.84,2,MLBB 1,7:20.24,3,AGSB 1,7:25.30,4,SHIR 1,7:37.92,5,TIMB 1,7:39.53,6,STKT 2,7:40.73,7,STPA 2,7:46.73,8,CHCO 2,8:09.10
132,32,h,2,1=FA; 2-5=R,Official,1,SPLH 1,7:04.90,2,WNCS 1,7:05.93,3,MTAL 1,7:21.10,4,GLDW 1,7:25.67,5,CHCO 1,7:34.79,6,HLMT 1,7:41.30,7,STPC 2,7:51.47,8,CASH 1,8:06.83
133,32,h,3,1=FA; 2-5=R,Official,1,JMCG 1,7:13.74,2,MTAS 1,7:13.84,3,STKT 1,7:19.67,4,STPC 1,7:22.17,5,AGSB 3,7:41.95,6,SHIR 2,7:55.38,7,WAKA 3,8:06.07
134,32,h,4,1=FA; 2-5=R,Official,1,HAUR 1,7:13.97,2,AGSB 2,7:18.14,3,WAKA 2,7:22.44,4,STPA 1,7:23.79,5,TRGB 1,7:44.14,6,HAMB 1,7:53.43,7,MLBB 2,8:06.45
135,33,h,1,"1->Final; 2,3,4,5->Repechage",Official,1,DIOC 1,7:02.17,2,RRGS 2,7:07.61,3,STKT 1,7:09.19,4,BARA 1,7:10.12,5,WLGC 1,7:12.43,6,STPC 1,7:21.23,7,STCU 1,7:25.55
135,33,h,1,1=F; 2-5=R,Official,1,RRGS 1,7:00.93,2,DIOC 1,7:09.34,3,STKT 1,7:17.10,4,WLGC 1,7:27.03,5,STCU 1,7:36.56
136,33,h,2,1=F; 2-5=R,Official,1,STMG 1,7:05.91,2,RRGS 2,7:15.77,3,BARA 1,7:21.88,4,STPC 1,7:33.91
137,34,h,1,"1,2=FA; 3-7=R",Official,1,STAN 1,6:56.94,2,WTLB 1,6:58.50,3,CHCO 2,7:06.50,4,STAN 2,7:08.95,5,HAMB 1,7:14.37,6,WHAK 1,7:16.66,7,ROTO 1,7:35.39
137,34,h,1,"1,2->A Final; 3,4,5,6,7->Repechage",Official,1,STKT 2,6:55.54,2,STPA 1,6:57.41,3,MLBB 1,7:07.79,4,WTLB 2,7:11.13,5,TIMB 1,7:16.24,6,WLCO 1,7:17.07,7,GBHS 1,7:28.93,8,PUKE 1,7:33.86
137,34,h,1,"1,2=FA; 3-7=R",Official,1,KGCA 1,7:03.07,2,CHCO 1,7:06.35,3,STPA 1,7:12.67,4,STAN 2,7:16.26,5,WTLB 2,7:22.42,6,ROTO 1,7:38.77,7,PUKE 1,8:21.13
138,34,h,2,"1,2=FA; 3-7=R",Official,1,AGSB 1,6:54.94,2,CBHS 1,6:57.79,3,STKT 2,7:03.58,4,WTLB 1,7:05.92,5,HAMB 1,7:14.53,6,TIMB 1,7:22.41,7,WHAK 1,7:27.85
139,34,h,3,"1,2=FA; 3-7=R",Official,1,STBD 1,6:45.05,2,STKT 1,6:52.84,3,STAN 1,7:01.58,4,MLBB 1,7:03.83,5,CHCO 2,7:04.68,6,WLCO 1,7:19.48,7,GBHS 1,7:33.03
140,35,h,1,1=FA; 2-5=R,Official,1,WAKA 1,7:58.77,2,CASH 1,8:00.66,3,WAKA 2,8:08.98,4,IONA 1,8:13.45,5,MTAL 1,8:18.09,6,STPC 1,8:18.42,7,NCOG 1,8:19.00,8,GERA 1,8:38.65
140,35,h,1,"1->A Final; 2,3,4,5->Repechage",Official,1,COLU 1,7:57.43,2,WNHS 1,8:00.69,3,VILL 1,8:07.19,4,STKV 1,8:08.20,5,QMAR 1,8:08.54,6,STKT 1,8:18.51,7,OGHS 1,8:21.02,8,STHI 1,8:23.84
140,35,h,1,1=FA; 2-5=R,Official,1,SHGH 1,7:47.90,2,CASH 1,7:56.54,3,WAKA 1,7:58.65,4,COLU 1,8:02.40,5,STKT 1,8:03.60,6,DIOC 1,8:06.69,7,JHAR 1,8:26.68,8,TIMG 1,8:28.09
141,35,h,2,1=FA; 2-5=R,Official,1,WTKG 1,7:48.27,2,WNHS 1,7:58.95,3,VILL 1,8:06.40,4,IONA 1,8:08.60,5,GERA 1,8:19.24,6,SHGH 2,8:20.92,7,STKT 2,8:22.06,8,OTUM 1,8:36.95
142,35,h,3,1=FA; 2-5=R,Official,1,NPLG 1,7:56.80,2,STPC 1,8:01.25,3,WAKA 2,8:05.17,4,QMAR 1,8:06.09,5,OGHS 1,8:14.11,6,GLDW 1,8:16.39,7,STCU 1,8:37.43,8,BTHC 1,8:45.62
143,35,h,4,1=FA; 2-5=R,Official,1,MLBG 1,7:59.51,2,STKV 1,8:02.49,3,STHI 1,8:09.57,4,MTAL 1,8:18.37,5,NCOG 1,8:19.15,6,CRAI 1,8:26.61,7,MARN 1,8:32.21,8,BURN 1,8:32.44
144,36,h,1,"1,2=FA; 3-7=R",Official,1,HAMB 1,7:25.78,2,FRAN 1,7:29.53,3,CASH 1,7:34.29,4,SPTW 1,7:36.48,5,TRGB 1,7:37.70,6,MTAL 1,7:39.04,7,TRGB 2,8:08.71,8,STBD 3,8:09.67
144,36,h,1,"1,2->A Final; 3,4,5,6,7->Repechage",Official,1,AGSB 1,7:32.38,2,WTLB 1,7:37.08,3,PAPA 1,7:40.99,4,SJHM 1,7:41.65,5,TIMB 1,7:42.65,6,SLDB 1,7:45.16,7,ASHB 1,8:02.18
144,36,h,1,"1,2=FA; 3-7=R",Official,1,CHCO 2,7:14.32,2,STBD 1,7:15.67,3,HAMB 1,7:16.30,4,SLDB 1,7:29.67,5,TRGB 1,7:30.93,6,WTLB 1,7:34.21,7,MTAL 1,7:42.33,8,CASH 2,8:10.62
145,36,h,2,"1,2=FA; 3-7=R",Official,1,CHCO 1,7:09.75,2,MLBB 1,7:17.73,3,FRAN 1,7:23.63,4,PAPA 1,7:37.10,5,TIMB 1,7:37.71,6,CASH 1,7:38.31,7,ASHB 1,7:52.15,8,STBD 2,8:03.28
146,36,h,3,"1,2=FA; 3-7=R",Official,1,KGCA 1,7:12.18,2,WNHS 1,7:22.39,3,AGSB 1,7:23.56,4,SPTW 1,7:26.89,5,SJHM 1,7:32.35,6,TRGB 2,7:56.43,7,STBD 3,8:15.70
147,37,h,1,1=FA; 2-5=R,Official,1,QMAR 1,7:51.20,2,SHGH 1,7:54.17,3,DIOC 2,8:03.23,4,STAN 1,8:07.30,5,STMG 2,8:10.77,6,BARA 1,8:19.72,7,EGGS 1,8:21.90,8,STAN 2,8:46.23
147,37,h,1,"1->A Final; 2,3,4,5->Repechage",Official,1,CGHS 1,7:49.28,2,STMG 1,7:58.02,3,RRGS 1,8:03.87,4,SAMU 1,8:04.25,5,OTUM 1,8:08.00,6,WTLG 1,8:13.90,7,PUKE 1,8:22.90,8,AVSG 1,8:25.84
147,37,h,1,1=FA; 2-5=R,Official,1,MLBG 1,7:30.67,2,QMAR 1,7:34.90,3,STAN 1,7:52.24,4,RRGS 1,7:58.03,5,PUKE 1,8:04.14,6,COLU 1,8:08.03,7,EGGS 2,8:17.52
148,37,h,2,1=FA; 2-5=R,Official,1,DIOC 1,7:29.63,2,STMG 1,7:37.89,3,CGHS 1,7:43.82,4,DIOC 2,7:47.77,5,EGGS 1,7:59.89,6,JHAR 1,8:34.40,7,TRGG 1,8:46.69
149,37,h,3,1=FA; 2-5=R,Official,1,MLBG 2,7:46.03,2,SHGH 1,7:50.44,3,STMG 2,7:53.61,4,WTLG 1,8:00.95,5,AVSG 1,8:01.12,6,CRAI 1,8:03.36
150,37,h,4,1=FA; 2-5=R,Official,1,WKDS 1,7:28.22,2,OTUM 1,7:50.64,3,SAMU 1,7:58.00,4,BARA 1,8:07.11,5,STAN 2,8:23.61,6,GGHS 1,8:44.67
151,38,h,1,1=FA; 2-8=R,Official,1,AGSB 1,6:27.65,2,STBD 1,6:28.83,3,CHCO 1,6:31.24,4,OBHS 1,6:46.24,5,CBHS 2,7:02.16
151,38,h,1,"1->A Final; 2,3,4,5,6,7,8->Repechage",Official,1,STPA 1,6:24.40,2,STKT 1,6:29.95,3,STAN 1,6:30.90,4,CBHS 1,6:33.29,5,STPA 2,6:36.18,6,WTLB 1,6:50.34
151,38,h,1,1=FA; 2-8=R,Official,1,KGCA 1,6:10.69,2,CHCO 1,6:15.72,3,STKT 1,6:16.30,4,STBD 1,6:19.05,5,CBHS 1,6:23.70,6,MTAL 1,6:33.85,7,STPA 2,6:44.15
152,38,h,2,1=FA; 2-8=R,Official,1,HAMB 1,6:09.27,2,STPA 1,6:14.64,3,AGSB 1,6:17.47,4,STAN 1,6:21.99,5,OBHS 1,6:29.27,6,WTLB 1,6:30.02,7,CBHS 2,6:42.69
153,39,h,1,1=FA; 2-5=R,Official,1,EGGS 1,8:24.05,2,AVSG 1,8:27.71,3,STMG 1,8:32.12,4,CASH 1,8:33.57,5,AOTE 1,8:36.38,6,BARA 1,8:36.71,7,STPC 2,8:42.95,8,RRGS 2,8:46.49
153,39,h,1,"1->A Final; 2,3,4,5->Repechage",Official,1,WTLG 1,8:13.26,2,GGHS 2,8:18.13,3,RRGS 4,8:22.97,4,STKT 2,8:30.08,5,STKT 1,8:32.29,6,SAMU 2,8:36.67,7,QMAR 1,8:43.21,8,STPC 1,9:00.60
153,39,h,1,1=FA; 2-5=R,Official,1,SAMU 1,7:50.04,2,GGHS 2,7:57.33,3,STKT 1,8:05.28,4,AVSG 1,8:13.95,5,STMG 1,8:18.09,6,WLGC 1,8:18.67,7,STOR 1,8:40.00
154,39,h,2,1=FA; 2-5=R,Official,1,WKDS 1,7:53.88,2,EGGS 1,8:06.85,3,BARA 1,8:19.02,4,SAMU 2,8:21.39,5,STPC 1,8:34.42,6,GGHS 1,8:52.02,7,BTHC 1,8:52.79
155,39,h,3,1=FA; 2-5=R,Official,1,ASHB 1,7:53.79,2,WTLG 1,7:57.48,3,RRGS 4,8:03.90,4,STPC 2,8:13.18,5,AOTE 1,8:20.27,6,WTKG 1,8:32.83,7,PUKE 1,8:43.99
156,39,h,4,1=FA; 2-5=R,Official,1,STAN 1,8:08.36,2,CASH 1,8:12.29,3,RRGS 2,8:18.74,4,QMAR 1,8:21.79,5,STKT 2,8:24.24,6,ACGT 1,8:39.61
157,40,h,1,1=FA; 2-5=R,Official,1,STAN 1,7:31.50,2,HAMB 1,7:32.42,3,HAMB 2,7:36.88,4,WTKB 1,7:41.15,5,SHIR 1,7:41.39,6,CASH 2,7:45.99,7,OTUM 1,7:51.69,8,KGCA 1,7:56.65
157,40,h,1,"1->A Final; 2,3,4,5->Repechage",Official,1,STCC 1,7:21.35,2,STBD 1,7:32.48,3,CASH 1,7:46.26,4,MTAL 1,7:50.42,5,GLDW 1,7:50.75,6,KGCA 2,7:55.32,7,CHCO 1,7:59.90,8,STAN 2,8:19.39
157,40,h,1,1=FA; 2-5=R,Official,1,TRGB 1,7:15.00,2,STAN 1,7:26.99,3,SHIR 1,7:31.70,4,CASH 1,7:34.41,5,KGCA 2,7:36.87,6,TIMB 3,7:38.04,7,GBHS 2,7:44.79
158,40,h,2,1=FA; 2-5=R,Official,1,GBHS 1,7:18.30,2,STCC 1,7:20.72,3,MTAL 1,7:38.29,4,CASH 2,7:40.68,5,OTUM 1,7:41.97,6,PUKE 1,7:48.02,7,STAN 3,7:52.62
159,40,h,3,1=FA; 2-5=R,Official,1,WTLB 1,7:20.94,2,HAMB 2,7:29.34,3,KGCA 1,7:31.29,4,GLDW 1,7:53.02,5,CHCO 1,8:02.06,6,TIMB 2,9:18.30
160,40,h,4,1=FA; 2-5=R,Official,1,TIMB 1,7:14.41,2,STBD 1,7:19.33,3,STAN 2,7:23.40,4,WTKB 1,7:23.70,5,HAMB 1,7:27.82,6,CHCO 2,8:10.28
161,41,h,1,"1,2=FA; Rest=R",Official,1,HLCR 1,7:43.71,2,MTAL 1,7:49.36,3,SHGN 1,7:53.01,4,WTLG 1,7:58.39,5,VILL 2,7:59.36,6,WAKA 1,8:02.84,7,STCU 1,8:32.04
161,41,h,1,"1,2->A Final; Rest->Repechage",Official,1,OGHS 1,7:35.32,2,KGCA 1,7:42.39,3,CRAI 1,7:52.07,4,GLDW 1,7:57.78,5,BURN 1,8:03.36,6,WHGG 1,8:07.02,7,WAKA 2,8:12.81,8,NCOG 1,8:17.68
161,41,h,1,"1,2=FA; Rest=R",Official,1,CASH 1,7:18.12,2,CAMB 1,7:25.99,3,KGCA 1,7:32.94,4,SHGN 1,7:35.93,5,GLDW 1,7:46.81,6,VILL 2,7:56.82,7,WAKA 2,8:00.08
162,41,h,2,"1,2=FA; Rest=R",Official,1,COLU 1,7:20.65,2,SPLH 1,7:22.25,3,OGHS 1,7:25.56,4,HLCR 1,7:37.78,5,WAKA 1,7:50.54,6,BURN 1,7:55.47,7,STCU 1,8:21.92
163,41,h,3,"1,2=FA; Rest=R",Official,1,DIOC 1,7:26.83,2,VILL 1,7:28.61,3,MTAL 1,7:34.91,4,CRAI 1,7:42.94,5,WTLG 1,7:49.44,6,WHGG 1,8:04.13,7,NCOG 1,8:09.28
164,42,h,1,1-2=S; Last Elim; Rest=R,Official,1,HAUR 2,7:23.97,2,WNCS 1,7:25.23,3,GBHS 1,7:28.38,4,CBHS 1,7:33.52,5,WLCO 1,7:35.01,6,NELB 1,7:38.25,7,TAKA 1,8:50.50
164,42,h,1,1-2=S; Last Elim; Rest=R,Official,1,NAPB 1,7:14.48,2,TAUP 1,7:17.08,3,SJHM 1,7:23.25,4,TRGB 1,7:27.55,5,STCC 1,7:39.78,6,WAKA 1,7:40.26,7,TAUH 1,7:41.86
164,42,h,1,1-2->Semi; Last Eliminated; Rest->Reps,Official,1,NGAR 1,7:18.28,2,SHIR 1,7:22.44,3,HLCR 1,7:22.88,4,MTAL 1,7:24.45,5,STBD 1,7:28.79,6,AOTE 1,7:38.22,7,GLDW 1,7:39.58,8,JPCR 1,7:47.20
164,42,h,1,1-2=S; Last Elim; Rest=R,Official,1,NPLB 1,6:51.36,2,SPTW 1,7:07.36,3,GBHS 1,7:10.04,4,HLCR 1,7:10.65,5,TRGB 1,7:15.34,6,STBD 1,7:21.00,7,WLCO 1,7:23.46,8,BURN 1,7:37.05
165,42,h,2,1-2=S; Last Elim; Rest=R,Official,1,HAUR 1,6:50.73,2,MLBB 1,6:52.58,3,NAPB 1,6:57.61,4,WNCS 1,7:16.97,5,JPCR 1,7:17.18,6,NELB 1,7:25.19,7,STCC 1,7:29.52
166,42,h,3,1-2=S; Last Elim; Rest=R,Official,1,SPLH 2,7:04.93,2,STPC 1,7:07.12,3,NGAR 1,7:08.21,4,SJHM 1,7:11.53,5,HAUR 2,7:13.92,6,WAKA 1,7:20.70,7,AOTE 1,7:24.34,8,AGSB 1,8:19.59
167,42,h,4,1-2=S; Last Elim; Rest=R,Official,1,SPLH 1,6:57.85,2,FRAN 1,7:13.21,3,CBHS 1,7:20.16,4,MTAL 1,7:20.82,5,TAUH 1,7:25.72,6,GLDW 1,7:26.59
168,42,h,5,1-2=S; Last Elim; Rest=R,Official,1,WNHS 1,7:00.82,2,SHAK 1,7:02.53,3,TAUP 1,7:06.50,4,HAMB 1,7:15.23,5,SHIR 1,7:20.93,6,WENT 1,7:33.00,7,TAKA 1,8:42.53
169,43,h,1,"1->A Final; 2,3,4,5->Repechage",Official,1,RRGS 1,7:14.43,2,STMG 1,7:25.10,3,DIOC 1,7:26.28,4,CGHS 1,7:31.26,5,BARA 1,7:34.67,6,EGGS 1,7:36.25,7,STMG 2,7:48.42,8,WTLG 1,7:56.73
169,43,h,1,1=FA; 2-5=R,Official,1,WKDS 1,7:01.42,2,RRGS 1,7:09.05,3,DIOC 1,7:11.68,4,STMG 2,7:34.10,5,WTLG 1,7:37.76
170,43,h,2,1=FA; 2-5=R,Official,1,STPC 1,7:10.75,2,EGGS 1,7:14.35,3,STMG 1,7:14.83,4,CGHS 1,7:15.34,5,BARA 1,7:27.95
171,44,h,1,"1,2=FA; 3-7=R",Official,1,SHAK 1,7:28.98,2,STCC 2,7:30.15,3,CBHS 2,7:34.34,4,CBHS 1,7:36.31,5,WTLB 3,7:38.66,6,CBHS 4,7:52.35,7,CBHS 3,8:01.41,8,TIMB 1,8:19.80
171,44,h,1,"1,2->A Final; 3,4,5,6,7->Repechage",Official,1,WTLB 2,7:33.96,2,STBD 1,7:35.83,3,MTAL 1,7:42.37,4,KGCA 2,7:45.16,5,SJHM 1,7:46.70,6,HAMB 2,7:51.29,7,ASHB 1,8:37.70
171,44,h,1,"1,2=FA; 3-7=R",Official,1,HAUR 1,7:15.25,2,STCC 1,7:16.94,3,CBHS 1,7:17.80,4,KGCA 2,7:30.94,5,WTLB 3,7:32.07,6,MTAL 1,7:37.46,7,CBHS 4,7:42.31
172,44,h,2,"1,2=FA; 3-7=R",Official,1,MLBB 1,7:09.47,2,WTLB 1,7:19.59,3,CBHS 2,7:29.40,4,SJHM 1,7:33.23,5,HAMB 2,7:34.83,6,TIMB 1,8:00.07,7,ASHB 1,8:13.67
173,44,h,3,"1,2=FA; 3-7=R",Official,1,HAMB 1,7:00.98,2,KGCA 1,7:08.90,3,STBD 1,7:26.51,4,SHAK 1,7:26.72,5,WTLB 2,7:27.59,6,STCC 2,7:39.81,7,CBHS 3,7:52.48
174,45,h,1,1-4=Q F; Rest Elim,Official,1,WEGC 1,7:44.38,2,TAKA 1,7:53.36,3,GGHS 1,8:02.46,4,WENT 1,8:10.44,5,MTAS 1,8:22.20,6,ROTG 1,8:33.42,7,STOR 1,8:37.55,8,GGHS 2,8:58.46
175,45,h,2,1-4=Q F; Rest Elim,Official,1,BURN 1,7:51.88,2,QMAR 1,7:58.47,3,IONA 1,8:03.10,4,STCA 1,8:03.52,5,STAN 1,8:23.40,6,WEGC 2,8:25.98,7,TAKA 2,8:31.60,8,ACGT 2,8:35.52
176,45,h,3,1-4=Q F; Rest Elim,Official,1,HAUR 1,7:53.91,2,ACGT 1,7:57.52,3,MARN 1,8:07.98,4,WKDS 1,8:12.96,5,AQUI 1,8:19.35,6,HOWI 1,8:29.37,7,TIMG 1,8:35.66,8,COLU 1,8:36.37
177,45,h,4,1-4=Q F; Rest Elim,Official,1,DUNS 1,7:37.03,2,WNCS 1,7:53.68,3,VILL 1,7:59.62,4,WAKA 1,8:05.34,5,WTKG 1,8:16.04,6,SPLH 1,8:26.23,7,MLBG 2,8:39.66,8,JPCR 1,9:35.77
178,45,h,5,1-4=Q F; Rest Elim,Official,1,CAMB 1,7:48.92,2,WNHS 1,8:05.17,3,CASH 1,8:07.08,4,SLDG 1,8:13.28,5,OGHS 1,8:17.85,6,JHAR 1,8:22.45,7,RONC 1,8:30.11,8,MLBG 1,9:14.85
179,45,h,6,1-4=Q F; Rest Elim,Official,1,MTAL 1,7:50.31,2,NCOG 1,8:06.55,3,WHGG 1,8:11.38,4,AVSG 1,8:13.96,5,VILL 2,8:24.35,6,MARN 2,8:37.84,7,CAMB 2,8:40.30,8,STHI 1,8:43.12
180,45,h,7,1-4=Q F; Rest Elim,Official,1,HUAN 1,7:41.87,2,CRAI 1,8:07.18,3,SCOT 1,8:15.68,4,HLCR 1,8:15.97,5,BURN 2,8:16.63,6,HAMG 1,8:23.49,7,ROTL 1,8:24.78,8,QHSD 1,8:42.08
181,46,h,1,"1,2=S; 3-5=R",Official,1,SPLH 2,6:50.69,2,STKT 1,6:51.45,3,MLBB 1,6:51.73,4,ONSL 1,6:52.11,5,STBD 1,7:00.10,6,GLDW 1,7:01.86,7,AQUI 1,7:11.17,8,GBHS 1,7:16.10
181,46,h,1,"1,2->Semi-Final; 3,4,5->Repechage",Official,1,WLCO 1,6:48.24,2,JMCG 1,6:55.31,3,WHAK 1,6:56.43,4,WAKA 2,6:59.16,5,STAN 1,7:02.88,6,WHAK 2,7:07.34,7,WLCO 2,7:09.19
181,46,h,1,"1,2=S; 3-5=R",Official,1,WNHS 1,6:42.28,2,WNCS 1,6:45.31,3,ONSL 1,6:55.88,4,WAKA 2,6:58.70,5,STAN 1,7:06.98,6,HOWI 1,7:12.03,7,KHSD 1,7:26.02
182,46,h,2,"1,2=S; 3-5=R",Official,1,SPLH 1,6:39.10,2,TIMB 1,6:39.84,3,WHAK 1,6:52.99,4,STBD 1,6:59.33,5,AQUI 1,7:04.12,6,TAKA 1,7:04.64,7,ROTO 1,7:21.43
183,46,h,3,"1,2=S; 3-5=R",Official,1,WAKA 1,6:45.49,2,SHAK 1,6:50.30,3,STKT 1,6:53.35,4,JMCG 1,7:02.71,5,GLDW 1,7:06.67,6,RAHS 1,7:15.39,7,TAKA 2,7:19.54
184,46,h,4,"1,2=S; 3-5=R",Official,1,STPC 1,6:43.62,2,SHIR 1,6:45.64,3,WLCO 1,6:49.31,4,SPLH 2,6:56.10,5,WLCO 2,7:06.54,6,WNCS 2,7:29.41
185,46,h,5,"1,2=S; 3-5=R",Official,1,OBHS 1,6:45.53,2,STCC 1,6:50.12,3,MLBB 1,6:51.88,4,WHAK 2,7:05.30,5,GBHS 1,7:09.91,6,SHIR 2,7:25.23
186,47,h,1,"1,2=FA; 3-7=R",Official,1,EGGS 1,8:04.94,2,DIOC 1,8:20.27,3,WTKG 2,8:21.26,4,MLBG 1,8:21.50,5,BTHC 1,8:24.02,6,STPC 1,8:31.62,7,SHGH 2,8:32.15,8,NPLG 1,8:46.11
186,47,h,1,"1,2->A Final; 3,4,5,6,7->Repechage",Official,1,CGHS 3,7:59.10,2,WNHS 1,8:00.30,3,SHGH 1,8:13.95,4,EGGS 2,8:19.97,5,NCOG 1,8:25.73,6,ASHB 1,8:36.42,7,OTUM 1,8:38.04
186,47,h,1,"1,2=FA; 3-7=R",Official,1,RRGS 1,8:01.70,2,CGHS 1,8:11.75,3,MLBG 1,8:16.21,4,EGGS 2,8:19.70,5,DIOC 1,8:22.49,6,OTUM 1,8:34.19,7,SHGH 2,8:40.89,8,GERA 1,8:41.30
187,47,h,2,"1,2=FA; 3-7=R",Official,1,RRGS 2,7:49.76,2,WTKG 1,7:57.28,3,EGGS 1,8:05.18,4,CGHS 3,8:07.82,5,NCOG 1,8:25.53,6,BTHC 1,8:30.35,7,ASHB 1,8:34.21,8,CRAI 1,8:37.82
188,47,h,3,"1,2=FA; 3-7=R",Official,1,WKDS 1,7:58.64,2,CGHS 2,8:08.10,3,WNHS 1,8:13.01,4,WTKG 2,8:16.92,5,SHGH 1,8:20.55,6,NPLG 1,8:21.02,7,STPC 1,8:25.16,8,RRGS 3,8:26.35
189,48,h,1,"1,2=S; 3-5=R",Official,1,STPA 1,7:13.75,2,TIMB 1,7:13.78,3,PAPA 1,7:17.06,4,DUNS 1,7:29.51,5,STKT 2,7:33.89,6,TRGB 1,7:34.66,7,SCOT 1,7:34.96,8,JMCG 1,7:51.67
189,48,h,1,"1,2->Semi-Final; 3,4,5->Repechage",Official,1,MLBB 1,7:15.51,2,BTHC 1,7:23.62,3,SPLH 1,7:25.12,4,STPC 2,7:34.52,5,WAKA 2,7:36.39,6,CHCO 1,7:46.36,7,STBD 2,8:16.51
189,48,h,1,"1,2=S; 3-5=R",Official,1,STPC 1,7:11.73,2,STBD 1,7:13.26,3,STPA 1,7:15.02,4,MLBB 1,7:24.37,5,CHCO 1,7:44.76,6,SLDB 1,7:53.63,7,JMCG 2,8:36.52
190,48,h,2,"1,2=S; 3-5=R",Official,1,MTAS 1,7:10.66,2,KGCA 1,7:16.18,3,STPC 2,7:33.63,4,TRGB 1,7:35.75,5,SCOT 1,7:36.78,6,SHAK 1,7:38.88,7,SPTW 1,8:10.45
191,48,h,3,"1,2=S; 3-5=R",Official,1,WAKA 1,7:00.98,2,STKT 1,7:15.27,3,TIMB 1,7:22.36,4,BTHC 1,7:26.78,5,DUNS 1,7:30.85,6,STPA 2,7:53.57,7,KHSD 1,8:44.52
192,48,h,4,"1,2=S; 3-5=R",Official,1,WNHS 1,7:23.73,2,AGSB 1,7:28.67,3,WAKA 2,7:28.74,4,STKT 2,7:49.07,5,STBD 2,8:04.50,6,TRGB 2,8:30.34
193,48,h,5,"1,2=S; 3-5=R",Official,1,FRAN 1,7:12.31,2,BURN 1,7:12.42,3,PAPA 1,7:16.47,4,SPLH 1,7:20.29,5,JMCG 1,7:50.50,6,AGSB 2,7:52.59
194,49,h,1,1-5=Q F; Rest Elim,Official,1,COLU 1,7:58.04,2,WNHS 1,8:06.28,3,HOWI 1,8:06.95,4,HLCR 1,8:31.76,5,VILL 1,8:39.73,6,GGHS 1,8:43.85,7,NAPG 1,8:45.77,8,TALC 1,8:54.20
195,49,h,2,1-5=Q F; Rest Elim,Official,1,WHGG 1,8:03.10,2,JPCR 1,8:19.34,3,AVSG 1,8:29.60,4,WNHS 2,8:30.21,5,JHAR 1,8:30.47,6,WENT 1,8:30.52,7,GERA 1,8:46.41,8,TIMG 1,8:54.09
196,49,h,3,1-5=Q F; Rest Elim,Official,1,CASH 1,8:07.88,2,STMW 1,8:08.93,3,WLGC 1,8:19.27,4,STIL 1,8:19.56,5,NCOG 1,8:33.76,6,BARA 1,8:38.96,7,RONC 1,9:19.47,8,SHGN 1,9:33.47
197,49,h,4,1-5=Q F; Rest Elim,Official,1,MTAL 1,8:13.62,2,BURN 1,8:18.74,3,HAMG 1,8:25.33,4,TAKA 1,8:27.23,5,SHGH 1,8:34.23,6,DUNS 1,8:42.67,7,DIOC 1,8:42.75,8,ROTG 1,9:15.79
198,49,h,5,1-5=Q F; Rest Elim,Official,1,STPC 1,8:19.84,2,CAMB 1,8:27.63,3,GARI 1,8:29.19,4,STHI 1,8:31.94,5,CGHS 1,8:49.20,6,MLBG 1,9:14.50,7,BTHC 1,9:21.38
199,49,h,6,1-5=Q F; Rest Elim,Official,1,WAKA 1,8:13.23,2,MARN 1,8:14.46,3,CRAI 1,8:36.24,4,HUAN 1,8:40.81,5,WTLG 1,8:43.47,6,HLMT 1,8:49.27,7,TRGG 1,9:10.89,8,SAMU 1,9:37.96
200,50,h,1,1=FA; 2-5=R,Official,1,JMCG 1,7:54.34,2,HLMT 1,7:55.91,3,PARN 1,7:57.92,4,TEAW 1,7:59.86,5,BURN 2,8:01.06,6,WHGB 1,8:02.30,7,TAUP 1,8:08.41,8,SPTW 1,8:18.94
200,50,h,1,"1->A Final; 2,3,4,5->Repechage",Official,1,NELB 1,7:48.72,2,WNHS 1,7:56.24,3,AQUI 1,7:58.71,4,BURN 1,8:00.29,5,TRGB 1,8:03.54,6,CAMB 1,8:08.52,7,PUKE 1,8:09.56,8,BTHC 1,8:23.76
200,50,h,1,1=FA; 2-5=R,Official,1,STLN 1,8:03.87,2,PARN 1,8:07.89,3,WHGB 1,8:08.16,4,AQUI 1,8:13.00,5,PUKE 1,8:15.31,6,MLBB 1,8:19.83,7,STPC 1,8:19.99,8,SCOT 1,8:20.00
201,50,h,2,1=FA; 2-5=R,Official,1,TIMB 1,8:01.50,2,BURN 1,8:06.87,3,WNHS 1,8:13.34,4,TAUP 1,8:16.97,5,HLMT 1,8:19.64,6,TAUH 1,8:26.78,7,STPA 1,8:53.58,8,WNCS 1,9:05.61
202,50,h,3,1=FA; 2-5=R,Official,1,CASH 1,7:59.86,2,JMCG 1,8:07.05,3,BURN 2,8:10.72,4,BTHC 1,8:16.25,5,CAMB 1,8:19.00,6,GBHS 1,8:29.55,7,WAKA 1,8:54.58,8,ONSL 1,9:15.95
203,50,h,4,1=FA; 2-5=R,Official,1,WLCO 1,7:59.66,2,NELB 1,8:07.62,3,TRGB 1,8:11.66,4,TEAW 1,8:19.16,5,SPTW 1,8:25.32,6,MACL 1,8:31.51,7,HAUR 1,8:43.25,8,TAKA 1,8:57.23
204,51,h,1,1=FA; 2-8=R,Official,1,RRGS 1,6:41.97,2,WNCS 1,6:48.95,3,WKDS 2,6:50.96,4,STAN 1,6:52.47,5,BARA 1,7:01.93,6,RRGS 3,7:22.83,7,VILL 1,9:29.44
204,51,h,1,"1->A Final; 2,3,4,5,6,7,8->Repechage",Official,1,CGHS 1,6:43.19,2,DIOC 1,6:48.56,3,EGGS 1,6:51.60,4,RRGS 2,6:59.47,5,SHGH 1,7:05.61,6,BARA 2,7:25.16,7,STMG 2,7:30.70
204,51,h,1,1=FA; 2-8=R,Official,1,WKDS 1,6:45.74,2,RRGS 1,6:48.99,3,DIOC 1,7:00.59,4,STAN 1,7:10.15,5,SHGH 1,7:15.55,6,RRGS 3,7:24.19,7,STMG 2,7:35.67,8,BARA 1,7:45.14
205,51,h,2,1=FA; 2-8=R,Official,1,STMG 1,6:49.63,2,CGHS 1,6:57.09,3,WNCS 1,7:00.88,4,EGGS 1,7:01.60,5,WKDS 2,7:03.37,6,BARA 2,7:41.78,7,VILL 1,7:48.20,8,RRGS 2,7:49.48
206,52,h,1,1=FA; 2-8=R,Official,1,CHCO 1,6:08.31,2,HAMB 1,6:10.72,3,CBHS 1,6:17.30,4,HAMB 2,6:23.15,5,AGSB 2,6:29.21,6,CHCO 3,6:34.64,7,STCC 1,6:38.38
206,52,h,1,"1->A Final; 2,3,4,5,6,7,8->Repechage",Official,1,STBD 1,6:07.70,2,STPA 1,6:11.81,3,KGCA 2,6:11.98,4,WTLB 1,6:12.57,5,CHCO 2,6:21.04,6,WTLB 2,6:30.96,7,TRGB 1,6:35.43
206,52,h,1,1=FA; 2-8=R,Official,1,KGCA 1,6:02.64,2,HAMB 1,6:11.19,3,WTLB 1,6:14.26,4,CBHS 1,6:22.28,5,STPA 1,6:27.02,6,AGSB 2,6:33.79,7,CHCO 2,7:03.87,8,CHCO 3,7:28.29
207,52,h,2,1=FA; 2-8=R,Official,1,AGSB 1,6:02.62,2,STBD 1,6:03.29,3,CHCO 1,6:14.30,4,KGCA 2,6:18.06,5,HAMB 2,6:27.76,6,TRGB 1,6:32.12,7,STCC 1,6:36.60,8,WTLB 2,6:56.79
208,1,q,1,"1-4=S; 5,6=FC; 7=FD",Official,1,TIMB 1,7:45.30,2,WNHS 1,7:51.50,3,BURN 1,7:54.79,4,JMCG 1,7:59.06,5,STCC 1,8:10.26,6,WAKA 2,8:16.52,7,WLCO 2,8:32.58
209,1,q,2,"1-4=S; 5,6=FC; 7=FD",Official,1,HAUR 1,7:39.11,2,MTAL 1,7:48.66,3,STLN 1,7:52.76,4,SHIR 1,7:53.29,6,HAMB 1,8:16.34,7,ONSL 1,8:19.68
210,1,q,3,"1-4=S; 5,6=FC; 7=FD",Official,1,NAPB 1,7:40.38,2,CASH 1,7:45.31,3,NPLB 1,7:45.56,4,WENT 1,7:46.33,5,WLCO 1,7:57.31,6,ASHB 1,8:07.59,7,FRAN 2,8:18.54
211,1,q,4,"1,2,3,4->Quarter Final; Rest Eliminated",Official,1,FRAN 1,7:38.01,2,SPTW 1,7:42.33,3,SHIR 2,7:46.25,4,PUKE 1,7:49.87,5,STKT 1,7:54.42,6,BTHC 1,8:00.39,7,TAUP 3,8:07.22
240,6,q,1,"1-4=S; 5,6=FC; Rest=FD",Official,1,HAUR 1,7:59.89,2,COLU 1,8:03.90,3,VILL 1,8:06.48,4,OGHS 1,8:08.16,5,WLGC 2,8:20.64,6,WHGG 1,8:25.67,7,WTKG 1,8:36.30,8,VILL 2,8:41.61
241,6,q,2,"1-4=S; 5,6=FC; Rest=FD",Official,1,STCU 1,7:55.75,2,WEGC 1,7:59.23,3,HLMT 1,8:06.66,4,DIOC 1,8:07.24,5,JHAR 1,8:08.91,6,STCA 1,8:16.35,7,KGCA 1,8:22.57,8,HOWI 1,8:29.39
242,6,q,3,"1-4=S; 5,6=FC; Rest=FD",Official,1,CASH 1,7:53.97,2,SPLH 1,7:54.59,3,STKT 1,8:07.15,4,IONA 1,8:09.14,5,GLDW 1,8:10.88,6,WAKA 1,8:16.36,7,STLN 1,8:24.00,8,EGGS 1,8:35.09
243,6,q,4,"1-4=S; 5,6=FC; Rest=FD",Official,1,QMAR 1,8:01.36,2,CRAI 1,8:04.71,3,SHGN 1,8:06.16,4,DUNS 1,8:09.16,5,HLCR 1,8:13.31,6,STPC 1,8:13.91,7,MTAL 1,8:23.90,8,GLDW 2,8:33.06
259,21,q,1,"1-4=S; 5,6=FC; 7,8=FD",Official,1,FRAN 1,7:09.08,2,NAPB 1,7:09.94,3,SPLH 1,7:14.67,4,NELB 1,7:17.17,5,STCC 1,7:23.51,6,SPLH 2,7:30.40,7,AQUI 1,7:32.26,8,HOWI 1,7:35.35
260,21,q,2,"1-4=S; 5,6=FC; 7,8=FD",Official,1,WNCS 1,7:10.78,2,SHIR 1,7:13.76,3,WTKB 1,7:14.75,4,WLCO 1,7:15.98,5,TAUP 1,7:17.70,6,ONSL 1,7:26.58,7,SHAK 1,7:32.60,8,OTUM 1,7:50.63
261,21,q,3,"1-4=S; 5,6=FC; 7,8=FD",Official,1,WNHS 1,7:12.70,2,GBHS 1,7:16.51,3,GLDW 1,7:21.15,4,TIMB 1,7:23.88,5,SCOT 1,7:31.61,6,KHSD 1,7:35.99,7,CASH 1,7:43.93
262,21,q,4,"1,2,3,4,5->Quarter Final; Rest Eliminated",Official,1,BURN 1,7:10.27,2,WHAK 1,7:12.99,3,OBHS 1,7:14.69,4,JMCG 1,7:19.67,5,STBD 1,7:26.92,6,TRGB 1,7:37.36,7,TIMB 2,7:43.22
263,22,q,1,"1-4=S; 5,6=FC; 7=FD",Official,1,ASHB 1,8:16.97,2,STCU 1,8:18.14,3,ROTG 1,8:41.36,4,MARN 1,8:50.05,5,QMAR 2,9:02.40,6,AVSG 1,9:03.72,7,WKDS 1,9:14.76
264,22,q,2,"1-4=S; 5,6=FC; 7=FD",Official,1,HUAN 1,8:35.39,2,ACGT 1,8:43.62,3,HAUR 1,8:44.81,4,HUAN 2,8:45.66,5,WLGC 2,8:53.76,6,BURN 2,8:59.78,7,ROTL 1,9:06.47
265,22,q,3,"1-4=S; 5,6=FC; 7=FD",Official,1,DUNS 1,8:31.55,2,WENT 1,8:37.69,3,LINC 1,8:38.54,4,HAUR 2,8:44.50,5,IONA 1,8:45.00,6,STOR 1,8:48.47,7,SPLH 1,8:59.74
266,22,q,4,"1,2,3,4->Quarter Final; Rest Eliminated",Official,1,QMAR 1,8:26.31,2,BURN 1,8:31.33,3,AQUI 1,8:37.85,4,STCA 1,8:38.91,5,CASH 1,8:53.97,6,SAMU 1,9:01.37,7,IONA 2,9:07.70
273,27,q,1,"1-4=S; 5,6=FC; 7,8=FD",Official,1,COLU 1,7:33.64,2,WNHS 1,7:41.60,3,DIOC 1,7:44.47,4,WHGG 1,7:48.87,5,BURN 1,8:03.21,6,OTUM 1,8:07.26,7,WTLG 1,8:23.03,8,TRGG 1,8:35.68
274,27,q,2,"1-4=S; 5,6=FC; 7,8=FD",Official,1,CASH 1,7:40.17,2,MTAL 1,7:41.96,3,HAMG 1,7:43.03,4,KGCA 1,7:49.26,5,STMG 1,7:53.51,6,STMW 1,7:57.44,7,PUKE 1,8:00.47,8,JHAR 1,8:09.28
275,27,q,3,"1-4=S; 5,6=FC; 7,8=FD",Official,1,QMAR 1,7:43.90,2,HOWI 1,7:46.78,3,MARN 1,7:52.37,4,STPC 1,7:54.18,5,BARA 1,7:56.68,6,TAKA 1,8:02.22,7,NCOG 1,8:13.32
276,27,q,4,"1,2,3,4,5->Quarter Final; Rest Eliminated",Official,1,WAKA 1,7:49.08,2,DIOC 2,7:53.24,3,STHI 1,7:53.96,4,VILL 1,7:55.03,5,CRAI 1,7:56.07,6,WAKA 2,8:02.76,7,JPCR 1,8:30.72
282,30,q,1,"1-4=S; 5,6=FC; Rest=FD",Official,1,HAMB 1,7:43.60,2,SPLH 2,7:48.54,3,NPLB 1,7:50.04,4,STPA 1,7:53.30,5,PUKE 1,7:58.64,6,STCC 2,8:00.57,7,SPTW 1,8:01.00
283,30,q,2,"1-4=S; 5,6=FC; Rest=FD",Official,1,BAYF 1,7:43.14,2,MTAL 1,7:46.48,3,GBHS 1,7:47.63,4,OTUM 1,7:49.61,5,HLCR 1,7:51.44,6,FRAN 1,7:51.49,7,LIND 1,7:53.00,8,TRGB 2,7:57.03
284,30,q,3,"1-4=S; 5,6=FC; Rest=FD",Official,1,MLBB 1,7:36.16,2,STKV 1,7:39.43,3,SPLH 1,7:42.30,4,WLCO 1,7:45.99,5,WENT 1,7:51.24,6,WNHS 1,7:57.75,7,AOTE 1,8:03.29,8,TIMB 1,8:13.47
285,30,q,4,"1-4=S; 5,6=FC; Rest=FD",Official,1,TRGB 1,7:36.43,2,NELB 1,7:40.88,3,WAKA 1,7:42.69,4,HAUR 1,7:43.74,5,STPC 1,7:46.26,6,HASB 1,8:00.27,7,SHAK 1,8:01.72,8,NAPB 1,8:18.89
313,45,q,1,"1-4=S; 5,6=FC; 7=FD",Official,1,BURN 1,7:47.93,2,ACGT 1,7:49.15,3,WEGC 1,7:49.71,4,VILL 1,8:05.33,5,AVSG 1,8:16.91,6,CASH 1,8:22.60,7,HLCR 1,8:33.79
314,45,q,2,"1-4=S; 5,6=FC; 7=FD",Official,1,DUNS 1,7:48.58,2,HAUR 1,7:56.74,3,NCOG 1,8:01.32,4,WENT 1,8:07.52,5,STCA 1,8:15.31,6,SCOT 1,8:21.04,7,OGHS 1,8:32.09
315,45,q,3,"1-4=S; 5,6=FC; 7=FD",Official,1,CAMB 1,7:58.00,2,MTAL 1,8:04.51,3,CRAI 1,8:07.45,4,WNCS 1,8:10.12,5,GGHS 1,8:18.73,6,WKDS 1,8:25.40
316,45,q,4,"1,2,3,4->Quarter Final; Rest Eliminated",Official,1,HUAN 1,7:51.46,2,QMAR 1,7:57.59,3,TAKA 1,7:59.09,4,MARN 1,8:09.57,5,WHGG 1,8:10.63,6,WAKA 1,8:14.74,7,SLDG 1,8:33.47
323,49,q,1,"1-4=S; 5,6=FC; 7,8=FD",Official,1,COLU 1,8:04.22,2,WHGG 1,8:08.80,3,WLGC 1,8:13.30,4,HAMG 1,8:23.33,5,CAMB 1,8:29.14,6,JHAR 1,8:29.89,7,HUAN 1,8:44.33,8,VILL 1,8:47.87
324,49,q,2,"1-4=S; 5,6=FC; 7,8=FD",Official,1,CASH 1,8:11.14,2,MTAL 1,8:13.03,3,MARN 1,8:13.06,4,HOWI 1,8:15.63,5,GARI 1,8:24.73,6,NCOG 1,8:33.94,7,WNHS 2,8:37.89,8,SHGH 1,8:44.58
325,49,q,3,"1-4=S; 5,6=FC; 7,8=FD",Official,1,WNHS 1,8:01.21,2,STPC 1,8:11.46,3,TAKA 1,8:15.52,4,STIL 1,8:16.51,5,CRAI 1,8:21.03,6,CGHS 1,8:44.93
326,49,q,4,"1,2,3,4,5->Quarter Final; Rest Eliminated",Official,1,STMW 1,8:03.13,2,BURN 1,8:03.38,3,WAKA 1,8:12.77,4,STHI 1,8:18.21,5,WTLG 1,8:23.21,6,AVSG 1,8:23.50,7,HLCR 1,8:25.94
335,1,s,1,1-4=FA; 5-8=FB,Official,1,TIMB 1,7:27.14,2,MTAL 1,7:28.26,3,NAPB 1,7:31.49,4,SPTW 1,7:31.57,5,SHIR 1,7:41.00,6,BURN 1,7:42.22,7,NPLB 1,7:48.68,8,PUKE 1,8:28.28
336,1,s,2,1-4=FA; 5-8=FB,Official,1,FRAN 1,7:27.54,2,WNHS 1,7:29.97,3,HAUR 1,7:31.52,4,SHIR 2,7:37.74,5,STLN 1,7:38.55,6,CASH 1,7:38.97,7,JMCG 1,7:46.50,8,WENT 1,7:49.18
337,4,s,1,1-4=FA; 5-8=FB,Official,1,HAMG 1,7:45.31,2,KGCA 1,7:49.51,3,WAKA 1,7:50.31,4,STHI 1,7:55.98,5,WHGG 1,8:00.16,6,STMW 1,8:06.22,7,STPC 2,8:06.27,8,VILL 1,8:12.80
338,4,s,2,1-4=FA; 5-8=FB,Official,1,STPC 1,7:50.57,2,DIOC 1,7:52.32,3,CRAI 1,7:52.67,4,WNHS 1,7:54.63,5,WAKA 2,7:59.76,6,IONA 1,8:11.17,7,TAKA 1,8:17.81,8,WTKG 1,8:21.37
339,8,s,1,1-4=FA; 5-8=FB,Official,1,COLU 1,8:36.36,2,HOWI 1,8:46.62,3,WHGG 1,8:47.80,4,MTAL 1,8:48.97,5,STHI 1,8:54.69,6,JPCR 1,8:55.29,7,MARN 1,9:03.38,8,GARI 1,9:08.68
340,8,s,2,1-4=FA; 5-8=FB,Official,1,LINC 1,8:35.70,2,MLBG 1,8:41.77,3,SAMU 1,8:46.62,4,SHGN 1,8:47.35,5,KGCA 1,8:55.46,6,QHSD 1,8:59.89,7,HAMG 1,9:01.41,8,AOTE 1,9:12.22,9,WNHS 1,9:28.73
341,5,s,1,1-4=FA; Rest=FB,Official,1,WTLB 1,7:11.72,2,AGSB 2,7:18.27,3,CHCO 1,7:22.92,4,SJHM 1,7:24.92,5,STCC 1,7:29.15,6,HASB 1,7:39.36,7,SHIR 1,7:44.75,8,MTAL 1,7:46.71
342,5,s,2,1-4=FA; Rest=FB,Official,1,KGCA 1,7:07.55,2,AGSB 1,7:11.30,3,STAN 1,7:24.62,4,SJHM 2,7:29.64,5,WTKB 1,7:31.25,6,JPCR 1,7:40.96,7,WLCO 1,7:43.67,8,AOTE 1,7:46.15
345,6,s,1,1-4=FA; Rest=FB,Official,1,WEGC 1,7:56.68,2,HAUR 1,7:56.85,3,CASH 1,8:00.14,4,VILL 1,8:03.73,5,CRAI 1,8:10.41,6,DIOC 1,8:10.86,7,STKT 1,8:13.89,8,DUNS 1,8:14.20
346,6,s,2,1-4=FA; Rest=FB,Official,1,STCU 1,7:50.43,2,SPLH 1,7:56.19,3,QMAR 1,7:59.22,4,COLU 1,8:04.84,5,IONA 1,8:08.43,6,HLMT 1,8:10.70,7,SHGN 1,8:11.52,8,OGHS 1,8:23.27
347,9,s,1,1-4=FA; 5-8=FB,Official,1,MLBB 1,7:38.73,2,HASB 1,7:39.20,3,BURN 1,7:42.77,4,PAPA 1,7:43.40,5,FRAN 1,7:44.14,6,JMCG 1,7:52.58,7,WHGB 1,7:54.43,8,WLCO 1,7:58.47
348,9,s,2,1-4=FA; 5-8=FB,Official,1,HAUR 1,7:35.71,2,MTAS 1,7:40.65,3,ASHB 1,7:44.32,4,WNHS 1,7:46.13,5,GARI 1,7:56.89,6,TIMB 1,7:57.24,7,SPLH 1,7:57.72,8,DUNS 1,8:14.98
349,12,s,1,1-4=FA; 5-8=FB,Official,1,ASHB 1,7:25.22,2,WNHS 1,7:29.00,3,MTAL 1,7:30.61,4,WEGC 1,7:38.34,5,SPLH 1,7:42.52,6,TAKA 1,7:48.01,7,CRAI 1,7:51.81,8,WNCS 1,7:59.60
350,12,s,2,1-4=FA; 5-8=FB,Official,1,HAUR 1,7:32.57,2,BURN 1,7:34.24,3,OGHS 1,7:35.55,4,WNHS 2,7:35.89,5,HAMG 1,7:39.11,6,MARN 1,7:42.12,7,ACGT 1,7:43.16,8,WAKA 1,7:58.33
351,29,q,1,"1-4=S; 5,6=FC; Rest=FD",Official,1,STMG 1,8:27.23,2,ROTG 1,8:37.00,3,GGHS 1,8:38.54,4,WTLG 1,8:40.94,5,TAUP 1,8:46.31,6,STKV 1,8:56.39,7,MTAL 1,8:56.84,8,MLBG 1,9:22.43
352,29,q,2,"1-4=S; 5,6=FC; Rest=FD",Official,1,HAUR 1,8:32.66,2,RAHS 1,8:35.52,3,NGAR 1,8:37.96,4,GLDW 1,8:43.42,5,MARN 1,8:51.99,6,STLN 1,8:53.41,7,AVSG 1,9:00.02
353,29,q,3,"1-4=S; 5,6=FC; Rest=FD",Official,1,CASH 1,8:20.21,2,CAMB 1,8:38.86,3,COLU 1,8:45.50,4,STPC 1,8:45.99,5,CRAI 2,8:54.98,6,HLMT 1,9:02.44,7,NAYL 1,9:07.68,8,OGHS 1,9:22.65
354,29,q,4,"1-4=S; 5,6=FC; Rest=FD",Official,1,HAMG 1,8:29.00,2,CRAI 1,8:33.39,3,KGCA 1,8:33.75,4,JHAR 1,8:37.20,5,WAKA 1,8:42.79,6,WKDS 1,8:49.49,7,QMAR 1,8:57.14,8,SHGN 1,9:08.00
355,15,s,1,1-4=FA; Rest=FB,Official,1,SPLH 1,6:38.34,2,STPC 1,6:41.03,3,SHAK 1,6:43.02,4,MLBB 1,6:46.30,5,TRGB 1,6:49.82,6,WNCS 1,6:51.69,7,SPLH 2,6:56.28,8,NELB 1,7:19.75
356,15,s,2,1-4=FA; Rest=FB,Official,1,WNHS 1,6:41.96,2,WAKA 1,6:42.12,3,HAUR 1,6:47.78,4,KGCA 1,6:48.36,5,STPA 1,6:49.87,6,GBHS 1,6:50.46,7,SHIR 1,6:56.72,8,WLCO 1,7:06.67
357,16,s,1,1-4=FA; Rest=FB,Official,1,WKDS 1,7:47.72,2,WNCS 1,7:53.18,3,RRGS 1,7:54.63,4,STMG 1,8:01.27,5,STAN 2,8:08.45,6,COLU 1,8:12.97,7,CGHS 1,8:15.04,8,STKT 1,8:16.07
358,16,s,2,1-4=FA; Rest=FB,Official,1,EGGS 1,7:49.69,2,WTLG 1,7:54.08,3,SAMU 1,7:57.87,4,MLBG 1,8:00.75,5,STAN 1,8:05.20,6,SHGH 1,8:09.96,7,EGGS 2,8:36.39,8,MARN 1,9:03.73
359,20,s,1,1-4=FA; 5-8=FB,Official,1,SHGH 1,8:07.24,2,GERA 1,8:10.81,3,SLDG 1,8:16.20,4,WENT 1,8:22.87,5,MLBG 1,8:25.53,6,HUAN 1,8:34.30,7,GLDW 2,8:38.88,8,GARI 1,8:47.78
360,20,s,2,1-4=FA; 5-8=FB,Official,1,COLU 1,8:15.07,2,NPLG 1,8:18.11,3,VILL 1,8:19.97,4,TIMG 1,8:21.38,5,MACL 1,8:22.03,6,HOWI 1,8:36.51,7,AVSG 1,8:38.07,8,NAPG 1,8:44.70
363,21,s,1,1-4=FA; 5-8=FB,Official,1,SHIR 1,7:03.05,2,FRAN 1,7:03.06,3,WNHS 1,7:03.26,4,SPLH 1,7:11.36,5,GLDW 1,7:16.83,6,WLCO 1,7:17.60,7,JMCG 1,7:21.09,8,WHAK 1,7:25.71
364,21,s,2,1-4=FA; 5-8=FB,Official,1,NAPB 1,7:08.46,2,NELB 1,7:08.57,3,BURN 1,7:08.58,4,WTKB 1,7:08.87,5,OBHS 1,7:10.63,6,GBHS 1,7:13.35,7,WNCS 1,7:17.37,8,TIMB 1,7:33.23
367,22,s,1,1-4=FA; 5-8=FB,Official,1,ASHB 1,8:23.94,2,DUNS 1,8:26.66,3,ACGT 1,8:34.42,4,ROTG 1,8:34.43,5,BURN 1,8:35.98,6,LINC 1,8:46.74,7,STCA 1,8:51.54,8,HUAN 2,8:51.63
368,22,s,2,1-4=FA; 5-8=FB,Official,1,STCU 1,8:26.87,2,QMAR 1,8:29.05,3,HUAN 1,8:34.64,4,WENT 1,8:40.40,5,AQUI 1,8:46.58,6,WLGC 2,8:49.65,7,MARN 1,8:57.45,8,HAUR 2,9:08.23
371,27,s,1,1-4=FA; 5-8=FB,Official,1,COLU 1,7:38.28,2,QMAR 1,7:45.08,3,DIOC 1,7:46.85,4,MTAL 1,7:48.11,5,KGCA 1,7:52.36,6,MARN 1,7:56.00,7,DIOC 2,8:05.14,8,VILL 1,8:05.41
372,27,s,2,1-4=FA; 5-8=FB,Official,1,WNHS 1,7:35.65,2,CASH 1,7:36.72,3,HAMG 1,7:42.46,4,WAKA 1,7:46.63,5,WHGG 1,7:50.68,6,HOWI 1,7:53.23,7,STPC 1,8:06.12,8,STHI 1,8:08.53
373,28,s,1,1-4=FA; 5-8=FB,Official,1,JMCG 1,7:15.14,2,SHAK 1,7:16.67,3,CASH 2,7:17.42,4,ONSL 1,7:17.80,5,WHAK 1,7:18.63,6,BURN 1,7:27.74,7,SPLH 1,7:33.80,8,CAMB 1,7:43.58
374,28,s,2,1-4=FA; 5-8=FB,Official,1,MTAL 1,7:13.94,2,WAKA 1,7:14.14,3,WNCS 1,7:20.36,4,RAHS 1,7:20.50,5,HAMB 1,7:21.39,6,SJHM 1,7:27.92,7,SHIR 1,7:36.22,8,MACL 1,7:36.36
377,29,s,1,1-4=FA; Rest=FB,Official,1,CASH 1,8:07.83,2,STMG 1,8:20.46,3,GLDW 1,8:29.77,4,RAHS 1,8:31.20,5,CRAI 1,8:34.81,6,GGHS 1,8:35.82,7,JHAR 1,8:38.83,8,COLU 1,8:43.56
378,29,s,2,1-4=FA; Rest=FB,Official,1,HAMG 1,8:23.32,2,HAUR 1,8:28.11,3,KGCA 1,8:31.49,4,WTLG 1,8:32.87,5,ROTG 1,8:34.98,6,NGAR 1,8:36.83,7,CAMB 1,8:40.18,8,STPC 1,8:50.71
381,30,s,1,1-4=FA; Rest=FB,Official,1,MLBB 1,7:26.22,2,MTAL 1,7:26.73,3,SPLH 1,7:27.65,4,NPLB 1,7:29.23,5,NELB 1,7:29.44,6,HAMB 1,7:38.67,7,OTUM 1,7:40.80,8,STPC 1,7:48.58
382,30,s,2,1-4=FA; Rest=FB,Official,1,TRGB 1,7:30.56,2,BAYF 1,7:31.23,3,STKV 1,7:35.25,4,WLCO 1,7:35.97,5,WAKA 1,7:38.66,6,GBHS 1,7:38.88,7,SPLH 2,7:44.68,8,STPA 1,7:59.86
385,45,s,1,1-4=FA; 5-8=FB,Official,1,CAMB 1,7:47.97,2,WEGC 1,7:48.03,3,HAUR 1,7:48.65,4,BURN 1,7:50.78,5,QMAR 1,7:52.98,6,CRAI 1,8:06.12,7,WENT 1,8:13.55,8,MARN 1,8:16.30
386,45,s,2,1-4=FA; 5-8=FB,Official,1,DUNS 1,7:41.51,2,HUAN 1,7:44.39,3,ACGT 1,7:51.33,4,TAKA 1,7:54.48,5,NCOG 1,8:02.26,6,VILL 1,8:02.53,7,WNCS 1,8:08.28,8,MTAL 1,11:02.86
387,46,s,1,1-4=FA; 5-8=FB,Official,1,TIMB 1,6:40.06,2,WNHS 1,6:42.70,3,STPC 1,6:44.17,4,OBHS 1,6:45.70,5,SHAK 1,6:51.70,6,MLBB 1,6:55.19,7,SPLH 2,6:55.23,8,JMCG 1,6:57.86
388,46,s,2,1-4=FA; 5-8=FB,Official,1,SHIR 1,6:38.69,2,WAKA 1,6:40.62,3,SPLH 1,6:42.62,4,WNCS 1,6:43.81,5,WLCO 1,6:48.17,6,STCC 1,6:55.04,7,WHAK 1,6:55.20,8,STKT 1,6:59.74
389,48,s,1,1-4=FA; 5-8=FB,Official,1,WNHS 1,7:04.30,2,STPC 1,7:05.53,3,FRAN 1,7:05.75,4,STKT 1,7:06.65,5,KGCA 1,7:07.66,6,PAPA 1,7:08.98,7,STPA 1,7:17.06,8,BTHC 1,7:24.24
390,48,s,2,1-4=FA; 5-8=FB,Official,1,WAKA 1,6:54.15,2,MTAS 1,7:04.47,3,TIMB 1,7:07.22,4,BURN 1,7:09.25,5,MLBB 1,7:11.21,6,SPLH 1,7:15.52,7,STBD 1,7:17.74,8,AGSB 1,7:25.00
393,49,s,1,1-4=FA; 5-8=FB,Official,1,COLU 1,7:57.99,2,HOWI 1,8:02.37,3,WNHS 1,8:04.98,4,MTAL 1,8:05.49,5,BURN 1,8:06.82,6,WLGC 1,8:09.34,7,TAKA 1,8:23.69,8,STHI 1,8:32.18
394,49,s,2,1-4=FA; 5-8=FB,Official,1,CASH 1,8:01.92,2,WHGG 1,8:04.42,3,MARN 1,8:04.58,4,WAKA 1,8:05.59,5,STPC 1,8:05.90,6,STMW 1,8:09.76,7,STIL 1,8:21.35,8,HAMG 1,8:28.45
396,42,s,1,1-4=FA; Rest=FB,Official,1,NPLB 1,6:58.02,2,HAUR 1,7:03.83,3,SHAK 1,7:09.65,4,SPLH 2,7:09.98,5,TAUP 1,7:11.37,6,FRAN 1,7:18.68,7,HAUR 2,7:22.04,8,SHIR 1,7:23.08
397,42,s,2,1-4=FA; Rest=FB,Official,1,SPLH 1,7:01.01,2,MLBB 1,7:05.31,3,NAPB 1,7:07.60,4,SPTW 1,7:08.75,5,WNHS 1,7:08.85,6,NGAR 1,7:20.16,7,STPC 1,7:27.72,8,WNCS 1,7:30.92
